Role	Layer	State	Target	TransitionDuration
Mb1JiabailieMd000001	0		Born	0
Mb1JiabailieMd000001	0		Stand1	0.1
Mb1JiabailieMd000001	0		Stand2	0.1
Mb1JiabailieMd000001	0		Stand3	0.1
Mb1JiabailieMd000001	0		Death	0.1
Mb1JiabailieMd000001	0		Standchange	0.1
Mb1JiabailieMd000001	0		Run	0.1
Mb1JiabailieMd000001	0		Walk	0.1
Mb1JiabailieMd000001	0		Runb	0.2
Mb1JiabailieMd000001	0		Runl	0.2
Mb1JiabailieMd000001	0		Runr	0.2
Mb1JiabailieMd000001	0		Walkb	0.1
Mb1JiabailieMd000001	0		Walkl	0.1
Mb1JiabailieMd000001	0		Walkr	0.1
Mb1JiabailieMd000001	0		TurnLeft	0.1
Mb1JiabailieMd000001	0		TurnRight	0.1
Mb1JiabailieMd000001	0		Move1	0.1
Mb1JiabailieMd000001	0		Move2	0.1
Mb1JiabailieMd000001	0		Move3	0.1
Mb1JiabailieMd000001	0		RunStart	0.1
Mb1JiabailieMd000001	0		RunStartEnd01	0.1
Mb1JiabailieMd000001	0		Hit1	0.05
Mb1JiabailieMd000001	0		Hit2	0.05
Mb1JiabailieMd000001	0		Hit3	0.05
Mb1JiabailieMd000001	0		Hit4	0.05
Mb1JiabailieMd000001	0		Behitfly	0.05
Mb1JiabailieMd000001	0		Hoverhit	0.05
Mb1JiabailieMd000001	0		Falldown	0.1
Mb1JiabailieMd000001	0		Hitdown	0.05
Mb1JiabailieMd000001	0		Lieonfloor	0.1
Mb1JiabailieMd000001	0		Standup	0.1
Mb1JiabailieMd000001	0		Straight	0.1
Mb1JiabailieMd000001	0		Stun	0.1
Mb1JiabailieMd000001	0		StraightBefore	0.1
Mb1JiabailieMd000001	0		StraightAfter	0.1
Mb1JiabailieMd000001	0		Win	0
Mb1JiabailieMd000001	0		Win2	0.1
Mb1JiabailieMd000001	0		Stop	0.1
Mb1JiabailieMd000001	0		Fail	0.1
Mb1JiabailieMd000001	0		Save	0.1
Mb1JiabailieMd000001	0		Caught	0.1
Mb1JiabailieMd000001	0		Attack01	0.1
Mb1JiabailieMd000001	0		Attack02	0.1
Mb1JiabailieMd000001	0		Attack03	0.1
Mb1JiabailieMd000001	0		Attack04	0.1
Mb1JiabailieMd000001	0		Attack05	0.1
Mb1JiabailieMd000001	0		Attack06	0.1
Mb1JiabailieMd000001	0		Attack09	0.1
Mb1JiabailieMd000001	0		Attack10	0.1
Mb1JiabailieMd000001	0		Attack12	0.1
Mb1JiabailieMd000001	0		Attack13	0.1
Mb1JiabailieMd000001	0		Attack14	0.1
Mb1JiabailieMd000001	0		Attack21	0.1
Mb1JiabailieMd000001	0		Attack22	0.1
Mb1JiabailieMd000001	0		Attack23	0.1
Mb1JiabailieMd000001	0		Attack24	0.1
Mb1JiabailieMd000001	0		Attack32	0.1
Mb1JiabailieMd000001	0		Attack33	0.1
Mb1JiabailieMd000001	0		Attack42	0.1
Mb1JiabailieMd000001	0		Attack43	0.1
Mb1JiabailieMd000001	0		Attack44	0.1
Mb1JiabailieMd000001	0	Stand1	Run	0.2
Mb1JiabailieMd000001	0	Stand1	Walk	0.1
Mb1JiabailieMd000001	0	Stand2	Standchange	0.1
Mb1JiabailieMd000001	0	Stand2	Run	0.2
Mb1JiabailieMd000001	0	Stand2	Walk	0.3
Mb1JiabailieMd000001	0	Stand2	Walkb	0.3
Mb1JiabailieMd000001	0	Stand2	Walkl	0.3
Mb1JiabailieMd000001	0	Stand2	Walkr	0.3
Mb1JiabailieMd000001	0	Standchange	Stand1	0.1
Mb1JiabailieMd000001	0	Standchange	Run	0.1
Mb1JiabailieMd000001	0	Standchange	Walk	0.1
Mb1JiabailieMd000001	0	Run	Stop	0.2
Mb1JiabailieMd000001	0	Run	Stand2	0.2
Mb1JiabailieMd000001	0	Run	Runb	0.2
Mb1JiabailieMd000001	0	Run	Runl	0.2
Mb1JiabailieMd000001	0	Run	Runr	0.2
Mb1JiabailieMd000001	0	Walk	Stand2	0.1
Mb1JiabailieMd000001	0	Runb	Stand2	0.2
Mb1JiabailieMd000001	0	Runb	Run	0.2
Mb1JiabailieMd000001	0	Runb	Runl	0.2
Mb1JiabailieMd000001	0	Runb	Runr	0.2
Mb1JiabailieMd000001	0	Runl	Stand2	0.2
Mb1JiabailieMd000001	0	Runl	Run	0.2
Mb1JiabailieMd000001	0	Runl	Runb	0.2
Mb1JiabailieMd000001	0	Runl	Runr	0.2
Mb1JiabailieMd000001	0	Runr	Stand2	0.2
Mb1JiabailieMd000001	0	Runr	Run	0.2
Mb1JiabailieMd000001	0	Runr	Runb	0.2
Mb1JiabailieMd000001	0	Runr	Runl	0.2
Mb1JiabailieMd000001	0	Walkb	Stand2	0.1
Mb1JiabailieMd000001	0	Walkb	Walk	0.2
Mb1JiabailieMd000001	0	Walkb	Walkl	0.1
Mb1JiabailieMd000001	0	Walkb	Walkr	0.1
Mb1JiabailieMd000001	0	Walkl	Stand2	0.1
Mb1JiabailieMd000001	0	Walkl	Walk	0.1
Mb1JiabailieMd000001	0	Walkl	Walkb	0.1
Mb1JiabailieMd000001	0	Walkl	Walkr	0.2
Mb1JiabailieMd000001	0	Walkr	Stand2	0.1
Mb1JiabailieMd000001	0	Walkr	Walk	0.1
Mb1JiabailieMd000001	0	Walkr	Walkb	0.1
Mb1JiabailieMd000001	0	Walkr	Walkl	0.2
Mb1JiabailieMd000001	0	TurnLeft	Stand2	0.1
Mb1JiabailieMd000001	0	TurnRight	Stand2	0.1
Mb1JiabailieMd000001	0	RunStart	Run	0
Mb1JiabailieMd000001	0	RunStart	RunStartEnd01	0.1
Mb1JiabailieMd000001	0	Hit1	Stand2	0
Mb1JiabailieMd000001	0	Hit2	Stand2	0
Mb1JiabailieMd000001	0	Hit3	Stand2	0
Mb1JiabailieMd000001	0	Hit4	Stand2	0
Mb1JiabailieMd000001	0	Behitfly	Hoverhit	0.1
Mb1JiabailieMd000001	0	Behitfly	Falldown	0.1
Mb1JiabailieMd000001	0	Hoverhit	Falldown	0.1
Mb1JiabailieMd000001	0	Falldown	Lieonfloor	0.1
Mb1JiabailieMd000001	0	Hitdown	Lieonfloor	0.1
Mb1JiabailieMd000001	0	Standup	Stand2	0.1
Mb1JiabailieMd000001	0	Straight	Stand2	0.1
Mb1JiabailieMd000001	0	Stun	Stand2	0.1
Mb1JiabailieMd000001	0	Win	Win2	0.1
Mb1JiabailieMd000001	0	Stop	Stand2	0.1
Mb1JiabailieMd000001	0	Caught	Stand2	0.1
Mb1JiabailieMd000001	1		Born	0
Mb1JiabailieMd000001	1		Stand1	0.1
Mb1JiabailieMd000001	1		Stand2	0.1
Mb1JiabailieMd000001	1		Stand3	0.1
Mb1JiabailieMd000001	1		Death	0.1
Mb1JiabailieMd000001	1		Standchange	0.1
Mb1JiabailieMd000001	1		Run	0.1
Mb1JiabailieMd000001	1		Walk	0.1
Mb1JiabailieMd000001	1		Runb	0.2
Mb1JiabailieMd000001	1		Runl	0.2
Mb1JiabailieMd000001	1		Runr	0.2
Mb1JiabailieMd000001	1		Walkb	0.1
Mb1JiabailieMd000001	1		Walkl	0.1
Mb1JiabailieMd000001	1		Walkr	0.1
Mb1JiabailieMd000001	1		TurnLeft	0.1
Mb1JiabailieMd000001	1		TurnRight	0.1
Mb1JiabailieMd000001	1		Move1	0.1
Mb1JiabailieMd000001	1		Move2	0.1
Mb1JiabailieMd000001	1		Move3	0.1
Mb1JiabailieMd000001	1		RunStart	0.1
Mb1JiabailieMd000001	1		RunStartEnd01	0.1
Mb1JiabailieMd000001	1		Hit1	0.05
Mb1JiabailieMd000001	1		Hit2	0.05
Mb1JiabailieMd000001	1		Hit3	0.05
Mb1JiabailieMd000001	1		Hit4	0.05
Mb1JiabailieMd000001	1		Behitfly	0.05
Mb1JiabailieMd000001	1		Hoverhit	0.05
Mb1JiabailieMd000001	1		Falldown	0.1
Mb1JiabailieMd000001	1		Hitdown	0.05
Mb1JiabailieMd000001	1		Lieonfloor	0.1
Mb1JiabailieMd000001	1		Standup	0.1
Mb1JiabailieMd000001	1		Straight	0.1
Mb1JiabailieMd000001	1		Stun	0.1
Mb1JiabailieMd000001	1		StraightBefore	0.1
Mb1JiabailieMd000001	1		StraightAfter	0.1
Mb1JiabailieMd000001	1		Win	0
Mb1JiabailieMd000001	1		Win2	0.1
Mb1JiabailieMd000001	1		Stop	0.1
Mb1JiabailieMd000001	1		Fail	0.1
Mb1JiabailieMd000001	1		Save	0.1
Mb1JiabailieMd000001	1		Caught	0.1
Mb1JiabailieMd000001	1		Attack03	0.1
Mb1JiabailieMd000001	1		Attack05	0.1
Mb1JiabailieMd000001	1		Attack07	0.1
Mb1JiabailieMd000001	1		Attack08	0.1
Mb1JiabailieMd000001	1		Attack10	0.1
Mb1JiabailieMd000001	1		Attack12	0.1
Mb1JiabailieMd000001	1		Attack13	0.1
Mb1JiabailieMd000001	1		Attack14	0.1
Mb1JiabailieMd000001	1		Attack15	0.1
Mb1JiabailieMd000001	1		Attack16	0.1
Mb1JiabailieMd000001	1		Attack17	0.1
Mb1JiabailieMd000001	1		Attack18	0.1
Mb1JiabailieMd000001	1		Attack21	0.1
Mb1JiabailieMd000001	1		Attack22	0.1
Mb1JiabailieMd000001	1		Attack23	0.1
Mb1JiabailieMd000001	1		Attack24	0.1
Mb1JiabailieMd000001	1		Attack28	0.1
Mb1JiabailieMd000001	1		Attack29	0.1
Mb1JiabailieMd000001	1		Attack30	0.1
Mb1JiabailieMd000001	1		Attack31	0.1
Mb1JiabailieMd000001	1		Attack34	0.1
Mb1JiabailieMd000001	1		Attack35	0.1
Mb1JiabailieMd000001	1		Attack60	0.1
Mb1JiabailieMd000001	1	Stand1	Run	0.2
Mb1JiabailieMd000001	1	Stand1	Walk	0.1
Mb1JiabailieMd000001	1	Stand2	Standchange	0.1
Mb1JiabailieMd000001	1	Stand2	Run	0.2
Mb1JiabailieMd000001	1	Stand2	Walk	0.3
Mb1JiabailieMd000001	1	Stand2	Walkb	0.3
Mb1JiabailieMd000001	1	Stand2	Walkl	0.3
Mb1JiabailieMd000001	1	Stand2	Walkr	0.3
Mb1JiabailieMd000001	1	Standchange	Stand1	0.1
Mb1JiabailieMd000001	1	Standchange	Run	0.1
Mb1JiabailieMd000001	1	Standchange	Walk	0.1
Mb1JiabailieMd000001	1	Run	Stop	0.2
Mb1JiabailieMd000001	1	Run	Stand2	0.2
Mb1JiabailieMd000001	1	Run	Runb	0.2
Mb1JiabailieMd000001	1	Run	Runl	0.2
Mb1JiabailieMd000001	1	Run	Runr	0.2
Mb1JiabailieMd000001	1	Walk	Stand2	0.1
Mb1JiabailieMd000001	1	Runb	Stand2	0.2
Mb1JiabailieMd000001	1	Runb	Run	0.2
Mb1JiabailieMd000001	1	Runb	Runl	0.2
Mb1JiabailieMd000001	1	Runb	Runr	0.2
Mb1JiabailieMd000001	1	Runl	Stand2	0.2
Mb1JiabailieMd000001	1	Runl	Run	0.2
Mb1JiabailieMd000001	1	Runl	Runb	0.2
Mb1JiabailieMd000001	1	Runl	Runr	0.2
Mb1JiabailieMd000001	1	Runr	Stand2	0.2
Mb1JiabailieMd000001	1	Runr	Run	0.2
Mb1JiabailieMd000001	1	Runr	Runb	0.2
Mb1JiabailieMd000001	1	Runr	Runl	0.2
Mb1JiabailieMd000001	1	Walkb	Stand2	0.1
Mb1JiabailieMd000001	1	Walkb	Walk	0.2
Mb1JiabailieMd000001	1	Walkb	Walkl	0.1
Mb1JiabailieMd000001	1	Walkb	Walkr	0.1
Mb1JiabailieMd000001	1	Walkl	Stand2	0.1
Mb1JiabailieMd000001	1	Walkl	Walk	0.1
Mb1JiabailieMd000001	1	Walkl	Walkb	0.1
Mb1JiabailieMd000001	1	Walkl	Walkr	0.2
Mb1JiabailieMd000001	1	Walkr	Stand2	0.1
Mb1JiabailieMd000001	1	Walkr	Walk	0.1
Mb1JiabailieMd000001	1	Walkr	Walkb	0.1
Mb1JiabailieMd000001	1	Walkr	Walkl	0.2
Mb1JiabailieMd000001	1	TurnLeft	Stand2	0.1
Mb1JiabailieMd000001	1	TurnRight	Stand2	0.1
Mb1JiabailieMd000001	1	RunStart	Run	0
Mb1JiabailieMd000001	1	RunStart	RunStartEnd01	0.1
Mb1JiabailieMd000001	1	Hit1	Stand2	0
Mb1JiabailieMd000001	1	Hit2	Stand2	0
Mb1JiabailieMd000001	1	Hit3	Stand2	0
Mb1JiabailieMd000001	1	Hit4	Stand2	0
Mb1JiabailieMd000001	1	Behitfly	Hoverhit	0.1
Mb1JiabailieMd000001	1	Behitfly	Falldown	0.1
Mb1JiabailieMd000001	1	Hoverhit	Falldown	0.1
Mb1JiabailieMd000001	1	Falldown	Lieonfloor	0.1
Mb1JiabailieMd000001	1	Hitdown	Lieonfloor	0.1
Mb1JiabailieMd000001	1	Standup	Stand2	0.1
Mb1JiabailieMd000001	1	Straight	Stand2	0.1
Mb1JiabailieMd000001	1	Stun	Stand2	0.1
Mb1JiabailieMd000001	1	Win	Win2	0.1
Mb1JiabailieMd000001	1	Stop	Stand2	0.1
Mb1JiabailieMd000001	1	Caught	Stand2	0.1
Mb1JiabailieMd000001	0	Attack01	Attack01	0.2
Mb1JiabailieMd000001	0	Attack02	Attack01	0.2
Mb1JiabailieMd000001	0	Attack03	Attack01	0.2
Mb1JiabailieMd000001	0	Attack04	Attack01	0.2
Mb1JiabailieMd000001	0	Attack05	Attack01	0.2
Mb1JiabailieMd000001	0	Attack06	Attack01	0.2
Mb1JiabailieMd000001	0	Attack09	Attack01	0.2
Mb1JiabailieMd000001	0	Attack10	Attack01	0.2
Mb1JiabailieMd000001	0	Attack12	Attack01	0.2
Mb1JiabailieMd000001	0	Attack13	Attack01	0.2
Mb1JiabailieMd000001	0	Attack14	Attack01	0.2
Mb1JiabailieMd000001	0	Attack21	Attack01	0.2
Mb1JiabailieMd000001	0	Attack22	Attack01	0.2
Mb1JiabailieMd000001	0	Attack23	Attack01	0.2
Mb1JiabailieMd000001	0	Attack24	Attack01	0.2
Mb1JiabailieMd000001	0	Attack32	Attack01	0.2
Mb1JiabailieMd000001	0	Attack33	Attack01	0.2
Mb1JiabailieMd000001	0	Attack42	Attack01	0.2
Mb1JiabailieMd000001	0	Attack43	Attack01	0.2
Mb1JiabailieMd000001	0	Attack44	Attack01	0.2
Mb1JiabailieMd000001	0	Stand2	Attack01	0.2
Mb1JiabailieMd000001	0	Run	Attack01	0.2
Mb1JiabailieMd000001	0	Walk	Attack01	0.2
Mb1JiabailieMd000001	0	Walkb	Attack01	0.2
Mb1JiabailieMd000001	0	Walkl	Attack01	0.2
Mb1JiabailieMd000001	0	Walkr	Attack01	0.2
Mb1JiabailieMd000001	0	Attack01	Attack02	0.2
Mb1JiabailieMd000001	0	Attack02	Attack02	0.2
Mb1JiabailieMd000001	0	Attack03	Attack02	0.2
Mb1JiabailieMd000001	0	Attack04	Attack02	0.2
Mb1JiabailieMd000001	0	Attack05	Attack02	0.2
Mb1JiabailieMd000001	0	Attack06	Attack02	0.2
Mb1JiabailieMd000001	0	Attack09	Attack02	0.2
Mb1JiabailieMd000001	0	Attack10	Attack02	0.2
Mb1JiabailieMd000001	0	Attack12	Attack02	0.2
Mb1JiabailieMd000001	0	Attack13	Attack02	0.2
Mb1JiabailieMd000001	0	Attack14	Attack02	0.2
Mb1JiabailieMd000001	0	Attack21	Attack02	0.2
Mb1JiabailieMd000001	0	Attack22	Attack02	0.2
Mb1JiabailieMd000001	0	Attack23	Attack02	0.2
Mb1JiabailieMd000001	0	Attack24	Attack02	0.2
Mb1JiabailieMd000001	0	Attack32	Attack02	0.2
Mb1JiabailieMd000001	0	Attack33	Attack02	0.2
Mb1JiabailieMd000001	0	Attack42	Attack02	0.2
Mb1JiabailieMd000001	0	Attack43	Attack02	0.2
Mb1JiabailieMd000001	0	Attack44	Attack02	0.2
Mb1JiabailieMd000001	0	Stand2	Attack02	0.2
Mb1JiabailieMd000001	0	Run	Attack02	0.2
Mb1JiabailieMd000001	0	Walk	Attack02	0.2
Mb1JiabailieMd000001	0	Walkb	Attack02	0.2
Mb1JiabailieMd000001	0	Walkl	Attack02	0.2
Mb1JiabailieMd000001	0	Walkr	Attack02	0.2
Mb1JiabailieMd000001	0	Attack01	Attack03	0.2
Mb1JiabailieMd000001	0	Attack02	Attack03	0.2
Mb1JiabailieMd000001	0	Attack03	Attack03	0.2
Mb1JiabailieMd000001	0	Attack04	Attack03	0.2
Mb1JiabailieMd000001	0	Attack05	Attack03	0.2
Mb1JiabailieMd000001	0	Attack06	Attack03	0.2
Mb1JiabailieMd000001	0	Attack09	Attack03	0.2
Mb1JiabailieMd000001	0	Attack10	Attack03	0.2
Mb1JiabailieMd000001	0	Attack12	Attack03	0.2
Mb1JiabailieMd000001	0	Attack13	Attack03	0.2
Mb1JiabailieMd000001	0	Attack14	Attack03	0.2
Mb1JiabailieMd000001	0	Attack21	Attack03	0.2
Mb1JiabailieMd000001	0	Attack22	Attack03	0.2
Mb1JiabailieMd000001	0	Attack23	Attack03	0.2
Mb1JiabailieMd000001	0	Attack24	Attack03	0.2
Mb1JiabailieMd000001	0	Attack32	Attack03	0.2
Mb1JiabailieMd000001	0	Attack33	Attack03	0.2
Mb1JiabailieMd000001	0	Attack42	Attack03	0.2
Mb1JiabailieMd000001	0	Attack43	Attack03	0.2
Mb1JiabailieMd000001	0	Attack44	Attack03	0.2
Mb1JiabailieMd000001	0	Stand2	Attack03	0.2
Mb1JiabailieMd000001	0	Run	Attack03	0.2
Mb1JiabailieMd000001	0	Walk	Attack03	0.2
Mb1JiabailieMd000001	0	Walkb	Attack03	0.2
Mb1JiabailieMd000001	0	Walkl	Attack03	0.2
Mb1JiabailieMd000001	0	Walkr	Attack03	0.2
Mb1JiabailieMd000001	0	Attack01	Attack04	0.2
Mb1JiabailieMd000001	0	Attack02	Attack04	0.2
Mb1JiabailieMd000001	0	Attack03	Attack04	0.2
Mb1JiabailieMd000001	0	Attack04	Attack04	0.2
Mb1JiabailieMd000001	0	Attack05	Attack04	0.2
Mb1JiabailieMd000001	0	Attack06	Attack04	0.2
Mb1JiabailieMd000001	0	Attack09	Attack04	0.2
Mb1JiabailieMd000001	0	Attack10	Attack04	0.2
Mb1JiabailieMd000001	0	Attack12	Attack04	0.2
Mb1JiabailieMd000001	0	Attack13	Attack04	0.2
Mb1JiabailieMd000001	0	Attack14	Attack04	0.2
Mb1JiabailieMd000001	0	Attack21	Attack04	0.2
Mb1JiabailieMd000001	0	Attack22	Attack04	0.2
Mb1JiabailieMd000001	0	Attack23	Attack04	0.2
Mb1JiabailieMd000001	0	Attack24	Attack04	0.2
Mb1JiabailieMd000001	0	Attack32	Attack04	0.2
Mb1JiabailieMd000001	0	Attack33	Attack04	0.2
Mb1JiabailieMd000001	0	Attack42	Attack04	0.2
Mb1JiabailieMd000001	0	Attack43	Attack04	0.2
Mb1JiabailieMd000001	0	Attack44	Attack04	0.2
Mb1JiabailieMd000001	0	Stand2	Attack04	0.2
Mb1JiabailieMd000001	0	Run	Attack04	0.2
Mb1JiabailieMd000001	0	Walk	Attack04	0.2
Mb1JiabailieMd000001	0	Walkb	Attack04	0.2
Mb1JiabailieMd000001	0	Walkl	Attack04	0.2
Mb1JiabailieMd000001	0	Walkr	Attack04	0.2
Mb1JiabailieMd000001	0	Attack01	Attack05	0.2
Mb1JiabailieMd000001	0	Attack02	Attack05	0.2
Mb1JiabailieMd000001	0	Attack03	Attack05	0.2
Mb1JiabailieMd000001	0	Attack04	Attack05	0.2
Mb1JiabailieMd000001	0	Attack05	Attack05	0.2
Mb1JiabailieMd000001	0	Attack06	Attack05	0.2
Mb1JiabailieMd000001	0	Attack09	Attack05	0.2
Mb1JiabailieMd000001	0	Attack10	Attack05	0.2
Mb1JiabailieMd000001	0	Attack12	Attack05	0.2
Mb1JiabailieMd000001	0	Attack13	Attack05	0.2
Mb1JiabailieMd000001	0	Attack14	Attack05	0.2
Mb1JiabailieMd000001	0	Attack21	Attack05	0.2
Mb1JiabailieMd000001	0	Attack22	Attack05	0.2
Mb1JiabailieMd000001	0	Attack23	Attack05	0.2
Mb1JiabailieMd000001	0	Attack24	Attack05	0.2
Mb1JiabailieMd000001	0	Attack32	Attack05	0.2
Mb1JiabailieMd000001	0	Attack33	Attack05	0.2
Mb1JiabailieMd000001	0	Attack42	Attack05	0.2
Mb1JiabailieMd000001	0	Attack43	Attack05	0.2
Mb1JiabailieMd000001	0	Attack44	Attack05	0.2
Mb1JiabailieMd000001	0	Stand2	Attack05	0.2
Mb1JiabailieMd000001	0	Run	Attack05	0.2
Mb1JiabailieMd000001	0	Walk	Attack05	0.2
Mb1JiabailieMd000001	0	Walkb	Attack05	0.2
Mb1JiabailieMd000001	0	Walkl	Attack05	0.2
Mb1JiabailieMd000001	0	Walkr	Attack05	0.2
Mb1JiabailieMd000001	0	Attack01	Attack06	0.2
Mb1JiabailieMd000001	0	Attack02	Attack06	0.2
Mb1JiabailieMd000001	0	Attack03	Attack06	0.2
Mb1JiabailieMd000001	0	Attack04	Attack06	0.2
Mb1JiabailieMd000001	0	Attack05	Attack06	0.2
Mb1JiabailieMd000001	0	Attack06	Attack06	0.2
Mb1JiabailieMd000001	0	Attack09	Attack06	0.2
Mb1JiabailieMd000001	0	Attack10	Attack06	0.2
Mb1JiabailieMd000001	0	Attack12	Attack06	0.2
Mb1JiabailieMd000001	0	Attack13	Attack06	0.2
Mb1JiabailieMd000001	0	Attack14	Attack06	0.2
Mb1JiabailieMd000001	0	Attack21	Attack06	0.2
Mb1JiabailieMd000001	0	Attack22	Attack06	0.2
Mb1JiabailieMd000001	0	Attack23	Attack06	0.2
Mb1JiabailieMd000001	0	Attack24	Attack06	0.2
Mb1JiabailieMd000001	0	Attack32	Attack06	0.2
Mb1JiabailieMd000001	0	Attack33	Attack06	0.2
Mb1JiabailieMd000001	0	Attack42	Attack06	0.2
Mb1JiabailieMd000001	0	Attack43	Attack06	0.2
Mb1JiabailieMd000001	0	Attack44	Attack06	0.2
Mb1JiabailieMd000001	0	Stand2	Attack06	0.2
Mb1JiabailieMd000001	0	Run	Attack06	0.2
Mb1JiabailieMd000001	0	Walk	Attack06	0.2
Mb1JiabailieMd000001	0	Walkb	Attack06	0.2
Mb1JiabailieMd000001	0	Walkl	Attack06	0.2
Mb1JiabailieMd000001	0	Walkr	Attack06	0.2
Mb1JiabailieMd000001	0	Attack01	Attack09	0.2
Mb1JiabailieMd000001	0	Attack02	Attack09	0.2
Mb1JiabailieMd000001	0	Attack03	Attack09	0.2
Mb1JiabailieMd000001	0	Attack04	Attack09	0.2
Mb1JiabailieMd000001	0	Attack05	Attack09	0.2
Mb1JiabailieMd000001	0	Attack06	Attack09	0.2
Mb1JiabailieMd000001	0	Attack09	Attack09	0.2
Mb1JiabailieMd000001	0	Attack10	Attack09	0.2
Mb1JiabailieMd000001	0	Attack12	Attack09	0.2
Mb1JiabailieMd000001	0	Attack13	Attack09	0.2
Mb1JiabailieMd000001	0	Attack14	Attack09	0.2
Mb1JiabailieMd000001	0	Attack21	Attack09	0.2
Mb1JiabailieMd000001	0	Attack22	Attack09	0.2
Mb1JiabailieMd000001	0	Attack23	Attack09	0.2
Mb1JiabailieMd000001	0	Attack24	Attack09	0.2
Mb1JiabailieMd000001	0	Attack32	Attack09	0.2
Mb1JiabailieMd000001	0	Attack33	Attack09	0.2
Mb1JiabailieMd000001	0	Attack42	Attack09	0.2
Mb1JiabailieMd000001	0	Attack43	Attack09	0.2
Mb1JiabailieMd000001	0	Attack44	Attack09	0.2
Mb1JiabailieMd000001	0	Stand2	Attack09	0.2
Mb1JiabailieMd000001	0	Run	Attack09	0.2
Mb1JiabailieMd000001	0	Walk	Attack09	0.2
Mb1JiabailieMd000001	0	Walkb	Attack09	0.2
Mb1JiabailieMd000001	0	Walkl	Attack09	0.2
Mb1JiabailieMd000001	0	Walkr	Attack09	0.2
Mb1JiabailieMd000001	0	Attack01	Attack10	0.2
Mb1JiabailieMd000001	0	Attack02	Attack10	0.2
Mb1JiabailieMd000001	0	Attack03	Attack10	0.2
Mb1JiabailieMd000001	0	Attack04	Attack10	0.2
Mb1JiabailieMd000001	0	Attack05	Attack10	0.2
Mb1JiabailieMd000001	0	Attack06	Attack10	0.2
Mb1JiabailieMd000001	0	Attack09	Attack10	0.2
Mb1JiabailieMd000001	0	Attack10	Attack10	0.2
Mb1JiabailieMd000001	0	Attack12	Attack10	0.2
Mb1JiabailieMd000001	0	Attack13	Attack10	0.2
Mb1JiabailieMd000001	0	Attack14	Attack10	0.2
Mb1JiabailieMd000001	0	Attack21	Attack10	0.2
Mb1JiabailieMd000001	0	Attack22	Attack10	0.2
Mb1JiabailieMd000001	0	Attack23	Attack10	0.2
Mb1JiabailieMd000001	0	Attack24	Attack10	0.2
Mb1JiabailieMd000001	0	Attack32	Attack10	0.2
Mb1JiabailieMd000001	0	Attack33	Attack10	0.2
Mb1JiabailieMd000001	0	Attack42	Attack10	0.2
Mb1JiabailieMd000001	0	Attack43	Attack10	0.2
Mb1JiabailieMd000001	0	Attack44	Attack10	0.2
Mb1JiabailieMd000001	0	Stand2	Attack10	0.2
Mb1JiabailieMd000001	0	Run	Attack10	0.2
Mb1JiabailieMd000001	0	Walk	Attack10	0.2
Mb1JiabailieMd000001	0	Walkb	Attack10	0.2
Mb1JiabailieMd000001	0	Walkl	Attack10	0.2
Mb1JiabailieMd000001	0	Walkr	Attack10	0.2
Mb1JiabailieMd000001	0	Attack01	Attack12	0.2
Mb1JiabailieMd000001	0	Attack02	Attack12	0.2
Mb1JiabailieMd000001	0	Attack03	Attack12	0.2
Mb1JiabailieMd000001	0	Attack04	Attack12	0.2
Mb1JiabailieMd000001	0	Attack05	Attack12	0.2
Mb1JiabailieMd000001	0	Attack06	Attack12	0.2
Mb1JiabailieMd000001	0	Attack09	Attack12	0.2
Mb1JiabailieMd000001	0	Attack10	Attack12	0.2
Mb1JiabailieMd000001	0	Attack12	Attack12	0.2
Mb1JiabailieMd000001	0	Attack13	Attack12	0.2
Mb1JiabailieMd000001	0	Attack14	Attack12	0.2
Mb1JiabailieMd000001	0	Attack21	Attack12	0.2
Mb1JiabailieMd000001	0	Attack22	Attack12	0.2
Mb1JiabailieMd000001	0	Attack23	Attack12	0.2
Mb1JiabailieMd000001	0	Attack24	Attack12	0.2
Mb1JiabailieMd000001	0	Attack32	Attack12	0.2
Mb1JiabailieMd000001	0	Attack33	Attack12	0.2
Mb1JiabailieMd000001	0	Attack42	Attack12	0.2
Mb1JiabailieMd000001	0	Attack43	Attack12	0.2
Mb1JiabailieMd000001	0	Attack44	Attack12	0.2
Mb1JiabailieMd000001	0	Stand2	Attack12	0.2
Mb1JiabailieMd000001	0	Run	Attack12	0.2
Mb1JiabailieMd000001	0	Walk	Attack12	0.2
Mb1JiabailieMd000001	0	Walkb	Attack12	0.2
Mb1JiabailieMd000001	0	Walkl	Attack12	0.2
Mb1JiabailieMd000001	0	Walkr	Attack12	0.2
Mb1JiabailieMd000001	0	Attack01	Attack13	0.2
Mb1JiabailieMd000001	0	Attack02	Attack13	0.2
Mb1JiabailieMd000001	0	Attack03	Attack13	0.2
Mb1JiabailieMd000001	0	Attack04	Attack13	0.2
Mb1JiabailieMd000001	0	Attack05	Attack13	0.2
Mb1JiabailieMd000001	0	Attack06	Attack13	0.2
Mb1JiabailieMd000001	0	Attack09	Attack13	0.2
Mb1JiabailieMd000001	0	Attack10	Attack13	0.2
Mb1JiabailieMd000001	0	Attack12	Attack13	0.2
Mb1JiabailieMd000001	0	Attack13	Attack13	0.2
Mb1JiabailieMd000001	0	Attack14	Attack13	0.2
Mb1JiabailieMd000001	0	Attack21	Attack13	0.2
Mb1JiabailieMd000001	0	Attack22	Attack13	0.2
Mb1JiabailieMd000001	0	Attack23	Attack13	0.2
Mb1JiabailieMd000001	0	Attack24	Attack13	0.2
Mb1JiabailieMd000001	0	Attack32	Attack13	0.2
Mb1JiabailieMd000001	0	Attack33	Attack13	0.2
Mb1JiabailieMd000001	0	Attack42	Attack13	0.2
Mb1JiabailieMd000001	0	Attack43	Attack13	0.2
Mb1JiabailieMd000001	0	Attack44	Attack13	0.2
Mb1JiabailieMd000001	0	Stand2	Attack13	0.2
Mb1JiabailieMd000001	0	Run	Attack13	0.2
Mb1JiabailieMd000001	0	Walk	Attack13	0.2
Mb1JiabailieMd000001	0	Walkb	Attack13	0.2
Mb1JiabailieMd000001	0	Walkl	Attack13	0.2
Mb1JiabailieMd000001	0	Walkr	Attack13	0.2
Mb1JiabailieMd000001	0	Attack01	Attack14	0.2
Mb1JiabailieMd000001	0	Attack02	Attack14	0.2
Mb1JiabailieMd000001	0	Attack03	Attack14	0.2
Mb1JiabailieMd000001	0	Attack04	Attack14	0.2
Mb1JiabailieMd000001	0	Attack05	Attack14	0.2
Mb1JiabailieMd000001	0	Attack06	Attack14	0.2
Mb1JiabailieMd000001	0	Attack09	Attack14	0.2
Mb1JiabailieMd000001	0	Attack10	Attack14	0.2
Mb1JiabailieMd000001	0	Attack12	Attack14	0.2
Mb1JiabailieMd000001	0	Attack13	Attack14	0.2
Mb1JiabailieMd000001	0	Attack14	Attack14	0.2
Mb1JiabailieMd000001	0	Attack21	Attack14	0.2
Mb1JiabailieMd000001	0	Attack22	Attack14	0.2
Mb1JiabailieMd000001	0	Attack23	Attack14	0.2
Mb1JiabailieMd000001	0	Attack24	Attack14	0.2
Mb1JiabailieMd000001	0	Attack32	Attack14	0.2
Mb1JiabailieMd000001	0	Attack33	Attack14	0.2
Mb1JiabailieMd000001	0	Attack42	Attack14	0.2
Mb1JiabailieMd000001	0	Attack43	Attack14	0.2
Mb1JiabailieMd000001	0	Attack44	Attack14	0.2
Mb1JiabailieMd000001	0	Stand2	Attack14	0.2
Mb1JiabailieMd000001	0	Run	Attack14	0.2
Mb1JiabailieMd000001	0	Walk	Attack14	0.2
Mb1JiabailieMd000001	0	Walkb	Attack14	0.2
Mb1JiabailieMd000001	0	Walkl	Attack14	0.2
Mb1JiabailieMd000001	0	Walkr	Attack14	0.2
Mb1JiabailieMd000001	0	Attack01	Attack21	0.2
Mb1JiabailieMd000001	0	Attack02	Attack21	0.2
Mb1JiabailieMd000001	0	Attack03	Attack21	0.2
Mb1JiabailieMd000001	0	Attack04	Attack21	0.2
Mb1JiabailieMd000001	0	Attack05	Attack21	0.2
Mb1JiabailieMd000001	0	Attack06	Attack21	0.2
Mb1JiabailieMd000001	0	Attack09	Attack21	0.2
Mb1JiabailieMd000001	0	Attack10	Attack21	0.2
Mb1JiabailieMd000001	0	Attack12	Attack21	0.2
Mb1JiabailieMd000001	0	Attack13	Attack21	0.2
Mb1JiabailieMd000001	0	Attack14	Attack21	0.2
Mb1JiabailieMd000001	0	Attack21	Attack21	0.2
Mb1JiabailieMd000001	0	Attack22	Attack21	0.2
Mb1JiabailieMd000001	0	Attack23	Attack21	0.2
Mb1JiabailieMd000001	0	Attack24	Attack21	0.2
Mb1JiabailieMd000001	0	Attack32	Attack21	0.2
Mb1JiabailieMd000001	0	Attack33	Attack21	0.2
Mb1JiabailieMd000001	0	Attack42	Attack21	0.2
Mb1JiabailieMd000001	0	Attack43	Attack21	0.2
Mb1JiabailieMd000001	0	Attack44	Attack21	0.2
Mb1JiabailieMd000001	0	Stand2	Attack21	0.2
Mb1JiabailieMd000001	0	Run	Attack21	0.2
Mb1JiabailieMd000001	0	Walk	Attack21	0.2
Mb1JiabailieMd000001	0	Walkb	Attack21	0.2
Mb1JiabailieMd000001	0	Walkl	Attack21	0.2
Mb1JiabailieMd000001	0	Walkr	Attack21	0.2
Mb1JiabailieMd000001	0	Attack01	Attack22	0.2
Mb1JiabailieMd000001	0	Attack02	Attack22	0.2
Mb1JiabailieMd000001	0	Attack03	Attack22	0.2
Mb1JiabailieMd000001	0	Attack04	Attack22	0.2
Mb1JiabailieMd000001	0	Attack05	Attack22	0.2
Mb1JiabailieMd000001	0	Attack06	Attack22	0.2
Mb1JiabailieMd000001	0	Attack09	Attack22	0.2
Mb1JiabailieMd000001	0	Attack10	Attack22	0.2
Mb1JiabailieMd000001	0	Attack12	Attack22	0.2
Mb1JiabailieMd000001	0	Attack13	Attack22	0.2
Mb1JiabailieMd000001	0	Attack14	Attack22	0.2
Mb1JiabailieMd000001	0	Attack21	Attack22	0.2
Mb1JiabailieMd000001	0	Attack22	Attack22	0.2
Mb1JiabailieMd000001	0	Attack23	Attack22	0.2
Mb1JiabailieMd000001	0	Attack24	Attack22	0.2
Mb1JiabailieMd000001	0	Attack32	Attack22	0.2
Mb1JiabailieMd000001	0	Attack33	Attack22	0.2
Mb1JiabailieMd000001	0	Attack42	Attack22	0.2
Mb1JiabailieMd000001	0	Attack43	Attack22	0.2
Mb1JiabailieMd000001	0	Attack44	Attack22	0.2
Mb1JiabailieMd000001	0	Stand2	Attack22	0.2
Mb1JiabailieMd000001	0	Run	Attack22	0.2
Mb1JiabailieMd000001	0	Walk	Attack22	0.2
Mb1JiabailieMd000001	0	Walkb	Attack22	0.2
Mb1JiabailieMd000001	0	Walkl	Attack22	0.2
Mb1JiabailieMd000001	0	Walkr	Attack22	0.2
Mb1JiabailieMd000001	0	Attack01	Attack23	0.2
Mb1JiabailieMd000001	0	Attack02	Attack23	0.2
Mb1JiabailieMd000001	0	Attack03	Attack23	0.2
Mb1JiabailieMd000001	0	Attack04	Attack23	0.2
Mb1JiabailieMd000001	0	Attack05	Attack23	0.2
Mb1JiabailieMd000001	0	Attack06	Attack23	0.2
Mb1JiabailieMd000001	0	Attack09	Attack23	0.2
Mb1JiabailieMd000001	0	Attack10	Attack23	0.2
Mb1JiabailieMd000001	0	Attack12	Attack23	0.2
Mb1JiabailieMd000001	0	Attack13	Attack23	0.2
Mb1JiabailieMd000001	0	Attack14	Attack23	0.2
Mb1JiabailieMd000001	0	Attack21	Attack23	0.2
Mb1JiabailieMd000001	0	Attack22	Attack23	0.2
Mb1JiabailieMd000001	0	Attack23	Attack23	0.2
Mb1JiabailieMd000001	0	Attack24	Attack23	0.2
Mb1JiabailieMd000001	0	Attack32	Attack23	0.2
Mb1JiabailieMd000001	0	Attack33	Attack23	0.2
Mb1JiabailieMd000001	0	Attack42	Attack23	0.2
Mb1JiabailieMd000001	0	Attack43	Attack23	0.2
Mb1JiabailieMd000001	0	Attack44	Attack23	0.2
Mb1JiabailieMd000001	0	Stand2	Attack23	0.2
Mb1JiabailieMd000001	0	Run	Attack23	0.2
Mb1JiabailieMd000001	0	Walk	Attack23	0.2
Mb1JiabailieMd000001	0	Walkb	Attack23	0.2
Mb1JiabailieMd000001	0	Walkl	Attack23	0.2
Mb1JiabailieMd000001	0	Walkr	Attack23	0.2
Mb1JiabailieMd000001	0	Attack01	Attack24	0.2
Mb1JiabailieMd000001	0	Attack02	Attack24	0.2
Mb1JiabailieMd000001	0	Attack03	Attack24	0.2
Mb1JiabailieMd000001	0	Attack04	Attack24	0.2
Mb1JiabailieMd000001	0	Attack05	Attack24	0.2
Mb1JiabailieMd000001	0	Attack06	Attack24	0.2
Mb1JiabailieMd000001	0	Attack09	Attack24	0.2
Mb1JiabailieMd000001	0	Attack10	Attack24	0.2
Mb1JiabailieMd000001	0	Attack12	Attack24	0.2
Mb1JiabailieMd000001	0	Attack13	Attack24	0.2
Mb1JiabailieMd000001	0	Attack14	Attack24	0.2
Mb1JiabailieMd000001	0	Attack21	Attack24	0.2
Mb1JiabailieMd000001	0	Attack22	Attack24	0.2
Mb1JiabailieMd000001	0	Attack23	Attack24	0.2
Mb1JiabailieMd000001	0	Attack24	Attack24	0.2
Mb1JiabailieMd000001	0	Attack32	Attack24	0.2
Mb1JiabailieMd000001	0	Attack33	Attack24	0.2
Mb1JiabailieMd000001	0	Attack42	Attack24	0.2
Mb1JiabailieMd000001	0	Attack43	Attack24	0.2
Mb1JiabailieMd000001	0	Attack44	Attack24	0.2
Mb1JiabailieMd000001	0	Stand2	Attack24	0.2
Mb1JiabailieMd000001	0	Run	Attack24	0.2
Mb1JiabailieMd000001	0	Walk	Attack24	0.2
Mb1JiabailieMd000001	0	Walkb	Attack24	0.2
Mb1JiabailieMd000001	0	Walkl	Attack24	0.2
Mb1JiabailieMd000001	0	Walkr	Attack24	0.2
Mb1JiabailieMd000001	0	Attack01	Attack32	0.2
Mb1JiabailieMd000001	0	Attack02	Attack32	0.2
Mb1JiabailieMd000001	0	Attack03	Attack32	0.2
Mb1JiabailieMd000001	0	Attack04	Attack32	0.2
Mb1JiabailieMd000001	0	Attack05	Attack32	0.2
Mb1JiabailieMd000001	0	Attack06	Attack32	0.2
Mb1JiabailieMd000001	0	Attack09	Attack32	0.2
Mb1JiabailieMd000001	0	Attack10	Attack32	0.2
Mb1JiabailieMd000001	0	Attack12	Attack32	0.2
Mb1JiabailieMd000001	0	Attack13	Attack32	0.2
Mb1JiabailieMd000001	0	Attack14	Attack32	0.2
Mb1JiabailieMd000001	0	Attack21	Attack32	0.2
Mb1JiabailieMd000001	0	Attack22	Attack32	0.2
Mb1JiabailieMd000001	0	Attack23	Attack32	0.2
Mb1JiabailieMd000001	0	Attack24	Attack32	0.2
Mb1JiabailieMd000001	0	Attack32	Attack32	0.2
Mb1JiabailieMd000001	0	Attack33	Attack32	0.2
Mb1JiabailieMd000001	0	Attack42	Attack32	0.2
Mb1JiabailieMd000001	0	Attack43	Attack32	0.2
Mb1JiabailieMd000001	0	Attack44	Attack32	0.2
Mb1JiabailieMd000001	0	Stand2	Attack32	0.2
Mb1JiabailieMd000001	0	Run	Attack32	0.2
Mb1JiabailieMd000001	0	Walk	Attack32	0.2
Mb1JiabailieMd000001	0	Walkb	Attack32	0.2
Mb1JiabailieMd000001	0	Walkl	Attack32	0.2
Mb1JiabailieMd000001	0	Walkr	Attack32	0.2
Mb1JiabailieMd000001	0	Attack01	Attack33	0.2
Mb1JiabailieMd000001	0	Attack02	Attack33	0.2
Mb1JiabailieMd000001	0	Attack03	Attack33	0.2
Mb1JiabailieMd000001	0	Attack04	Attack33	0.2
Mb1JiabailieMd000001	0	Attack05	Attack33	0.2
Mb1JiabailieMd000001	0	Attack06	Attack33	0.2
Mb1JiabailieMd000001	0	Attack09	Attack33	0.2
Mb1JiabailieMd000001	0	Attack10	Attack33	0.2
Mb1JiabailieMd000001	0	Attack12	Attack33	0.2
Mb1JiabailieMd000001	0	Attack13	Attack33	0.2
Mb1JiabailieMd000001	0	Attack14	Attack33	0.2
Mb1JiabailieMd000001	0	Attack21	Attack33	0.2
Mb1JiabailieMd000001	0	Attack22	Attack33	0.2
Mb1JiabailieMd000001	0	Attack23	Attack33	0.2
Mb1JiabailieMd000001	0	Attack24	Attack33	0.2
Mb1JiabailieMd000001	0	Attack32	Attack33	0.2
Mb1JiabailieMd000001	0	Attack33	Attack33	0.2
Mb1JiabailieMd000001	0	Attack42	Attack33	0.2
Mb1JiabailieMd000001	0	Attack43	Attack33	0.2
Mb1JiabailieMd000001	0	Attack44	Attack33	0.2
Mb1JiabailieMd000001	0	Stand2	Attack33	0.2
Mb1JiabailieMd000001	0	Run	Attack33	0.2
Mb1JiabailieMd000001	0	Walk	Attack33	0.2
Mb1JiabailieMd000001	0	Walkb	Attack33	0.2
Mb1JiabailieMd000001	0	Walkl	Attack33	0.2
Mb1JiabailieMd000001	0	Walkr	Attack33	0.2
Mb1JiabailieMd000001	0	Attack01	Attack42	0.2
Mb1JiabailieMd000001	0	Attack02	Attack42	0.2
Mb1JiabailieMd000001	0	Attack03	Attack42	0.2
Mb1JiabailieMd000001	0	Attack04	Attack42	0.2
Mb1JiabailieMd000001	0	Attack05	Attack42	0.2
Mb1JiabailieMd000001	0	Attack06	Attack42	0.2
Mb1JiabailieMd000001	0	Attack09	Attack42	0.2
Mb1JiabailieMd000001	0	Attack10	Attack42	0.2
Mb1JiabailieMd000001	0	Attack12	Attack42	0.2
Mb1JiabailieMd000001	0	Attack13	Attack42	0.2
Mb1JiabailieMd000001	0	Attack14	Attack42	0.2
Mb1JiabailieMd000001	0	Attack21	Attack42	0.2
Mb1JiabailieMd000001	0	Attack22	Attack42	0.2
Mb1JiabailieMd000001	0	Attack23	Attack42	0.2
Mb1JiabailieMd000001	0	Attack24	Attack42	0.2
Mb1JiabailieMd000001	0	Attack32	Attack42	0.2
Mb1JiabailieMd000001	0	Attack33	Attack42	0.2
Mb1JiabailieMd000001	0	Attack42	Attack42	0.2
Mb1JiabailieMd000001	0	Attack43	Attack42	0.2
Mb1JiabailieMd000001	0	Attack44	Attack42	0.2
Mb1JiabailieMd000001	0	Stand2	Attack42	0.2
Mb1JiabailieMd000001	0	Run	Attack42	0.2
Mb1JiabailieMd000001	0	Walk	Attack42	0.2
Mb1JiabailieMd000001	0	Walkb	Attack42	0.2
Mb1JiabailieMd000001	0	Walkl	Attack42	0.2
Mb1JiabailieMd000001	0	Walkr	Attack42	0.2
Mb1JiabailieMd000001	0	Attack01	Attack43	0.2
Mb1JiabailieMd000001	0	Attack02	Attack43	0.2
Mb1JiabailieMd000001	0	Attack03	Attack43	0.2
Mb1JiabailieMd000001	0	Attack04	Attack43	0.2
Mb1JiabailieMd000001	0	Attack05	Attack43	0.2
Mb1JiabailieMd000001	0	Attack06	Attack43	0.2
Mb1JiabailieMd000001	0	Attack09	Attack43	0.2
Mb1JiabailieMd000001	0	Attack10	Attack43	0.2
Mb1JiabailieMd000001	0	Attack12	Attack43	0.2
Mb1JiabailieMd000001	0	Attack13	Attack43	0.2
Mb1JiabailieMd000001	0	Attack14	Attack43	0.2
Mb1JiabailieMd000001	0	Attack21	Attack43	0.2
Mb1JiabailieMd000001	0	Attack22	Attack43	0.2
Mb1JiabailieMd000001	0	Attack23	Attack43	0.2
Mb1JiabailieMd000001	0	Attack24	Attack43	0.2
Mb1JiabailieMd000001	0	Attack32	Attack43	0.2
Mb1JiabailieMd000001	0	Attack33	Attack43	0.2
Mb1JiabailieMd000001	0	Attack42	Attack43	0.2
Mb1JiabailieMd000001	0	Attack43	Attack43	0.2
Mb1JiabailieMd000001	0	Attack44	Attack43	0.2
Mb1JiabailieMd000001	0	Stand2	Attack43	0.2
Mb1JiabailieMd000001	0	Run	Attack43	0.2
Mb1JiabailieMd000001	0	Walk	Attack43	0.2
Mb1JiabailieMd000001	0	Walkb	Attack43	0.2
Mb1JiabailieMd000001	0	Walkl	Attack43	0.2
Mb1JiabailieMd000001	0	Walkr	Attack43	0.2
Mb1JiabailieMd000001	0	Attack01	Attack44	0.2
Mb1JiabailieMd000001	0	Attack02	Attack44	0.2
Mb1JiabailieMd000001	0	Attack03	Attack44	0.2
Mb1JiabailieMd000001	0	Attack04	Attack44	0.2
Mb1JiabailieMd000001	0	Attack05	Attack44	0.2
Mb1JiabailieMd000001	0	Attack06	Attack44	0.2
Mb1JiabailieMd000001	0	Attack09	Attack44	0.2
Mb1JiabailieMd000001	0	Attack10	Attack44	0.2
Mb1JiabailieMd000001	0	Attack12	Attack44	0.2
Mb1JiabailieMd000001	0	Attack13	Attack44	0.2
Mb1JiabailieMd000001	0	Attack14	Attack44	0.2
Mb1JiabailieMd000001	0	Attack21	Attack44	0.2
Mb1JiabailieMd000001	0	Attack22	Attack44	0.2
Mb1JiabailieMd000001	0	Attack23	Attack44	0.2
Mb1JiabailieMd000001	0	Attack24	Attack44	0.2
Mb1JiabailieMd000001	0	Attack32	Attack44	0.2
Mb1JiabailieMd000001	0	Attack33	Attack44	0.2
Mb1JiabailieMd000001	0	Attack42	Attack44	0.2
Mb1JiabailieMd000001	0	Attack43	Attack44	0.2
Mb1JiabailieMd000001	0	Attack44	Attack44	0.2
Mb1JiabailieMd000001	0	Stand2	Attack44	0.2
Mb1JiabailieMd000001	0	Run	Attack44	0.2
Mb1JiabailieMd000001	0	Walk	Attack44	0.2
Mb1JiabailieMd000001	0	Walkb	Attack44	0.2
Mb1JiabailieMd000001	0	Walkl	Attack44	0.2
Mb1JiabailieMd000001	0	Walkr	Attack44	0.2
Mb1JiabailieMd000001	1	Attack03	Attack03	0.2
Mb1JiabailieMd000001	1	Attack05	Attack03	0.2
Mb1JiabailieMd000001	1	Attack07	Attack03	0.2
Mb1JiabailieMd000001	1	Attack08	Attack03	0.2
Mb1JiabailieMd000001	1	Attack10	Attack03	0.2
Mb1JiabailieMd000001	1	Attack12	Attack03	0.2
Mb1JiabailieMd000001	1	Attack13	Attack03	0.2
Mb1JiabailieMd000001	1	Attack14	Attack03	0.2
Mb1JiabailieMd000001	1	Attack15	Attack03	0.2
Mb1JiabailieMd000001	1	Attack16	Attack03	0.2
Mb1JiabailieMd000001	1	Attack17	Attack03	0.2
Mb1JiabailieMd000001	1	Attack18	Attack03	0.2
Mb1JiabailieMd000001	1	Attack21	Attack03	0.2
Mb1JiabailieMd000001	1	Attack22	Attack03	0.2
Mb1JiabailieMd000001	1	Attack23	Attack03	0.2
Mb1JiabailieMd000001	1	Attack24	Attack03	0.2
Mb1JiabailieMd000001	1	Attack28	Attack03	0.2
Mb1JiabailieMd000001	1	Attack29	Attack03	0.2
Mb1JiabailieMd000001	1	Attack30	Attack03	0.2
Mb1JiabailieMd000001	1	Attack31	Attack03	0.2
Mb1JiabailieMd000001	1	Attack34	Attack03	0.2
Mb1JiabailieMd000001	1	Attack35	Attack03	0.2
Mb1JiabailieMd000001	1	Attack60	Attack03	0.2
Mb1JiabailieMd000001	1	Stand2	Attack03	0.2
Mb1JiabailieMd000001	1	Attack03	Attack05	0.2
Mb1JiabailieMd000001	1	Attack05	Attack05	0.2
Mb1JiabailieMd000001	1	Attack07	Attack05	0.2
Mb1JiabailieMd000001	1	Attack08	Attack05	0.2
Mb1JiabailieMd000001	1	Attack10	Attack05	0.2
Mb1JiabailieMd000001	1	Attack12	Attack05	0.2
Mb1JiabailieMd000001	1	Attack13	Attack05	0.2
Mb1JiabailieMd000001	1	Attack14	Attack05	0.2
Mb1JiabailieMd000001	1	Attack15	Attack05	0.2
Mb1JiabailieMd000001	1	Attack16	Attack05	0.2
Mb1JiabailieMd000001	1	Attack17	Attack05	0.2
Mb1JiabailieMd000001	1	Attack18	Attack05	0.2
Mb1JiabailieMd000001	1	Attack21	Attack05	0.2
Mb1JiabailieMd000001	1	Attack22	Attack05	0.2
Mb1JiabailieMd000001	1	Attack23	Attack05	0.2
Mb1JiabailieMd000001	1	Attack24	Attack05	0.2
Mb1JiabailieMd000001	1	Attack28	Attack05	0.2
Mb1JiabailieMd000001	1	Attack29	Attack05	0.2
Mb1JiabailieMd000001	1	Attack30	Attack05	0.2
Mb1JiabailieMd000001	1	Attack31	Attack05	0.2
Mb1JiabailieMd000001	1	Attack34	Attack05	0.2
Mb1JiabailieMd000001	1	Attack35	Attack05	0.2
Mb1JiabailieMd000001	1	Attack60	Attack05	0.2
Mb1JiabailieMd000001	1	Stand2	Attack05	0.2
Mb1JiabailieMd000001	1	Attack03	Attack07	0.2
Mb1JiabailieMd000001	1	Attack05	Attack07	0.2
Mb1JiabailieMd000001	1	Attack07	Attack07	0.2
Mb1JiabailieMd000001	1	Attack08	Attack07	0.2
Mb1JiabailieMd000001	1	Attack10	Attack07	0.2
Mb1JiabailieMd000001	1	Attack12	Attack07	0.2
Mb1JiabailieMd000001	1	Attack13	Attack07	0.2
Mb1JiabailieMd000001	1	Attack14	Attack07	0.2
Mb1JiabailieMd000001	1	Attack15	Attack07	0.2
Mb1JiabailieMd000001	1	Attack16	Attack07	0.2
Mb1JiabailieMd000001	1	Attack17	Attack07	0.2
Mb1JiabailieMd000001	1	Attack18	Attack07	0.2
Mb1JiabailieMd000001	1	Attack21	Attack07	0.2
Mb1JiabailieMd000001	1	Attack22	Attack07	0.2
Mb1JiabailieMd000001	1	Attack23	Attack07	0.2
Mb1JiabailieMd000001	1	Attack24	Attack07	0.2
Mb1JiabailieMd000001	1	Attack28	Attack07	0.2
Mb1JiabailieMd000001	1	Attack29	Attack07	0.2
Mb1JiabailieMd000001	1	Attack30	Attack07	0.2
Mb1JiabailieMd000001	1	Attack31	Attack07	0.2
Mb1JiabailieMd000001	1	Attack34	Attack07	0.2
Mb1JiabailieMd000001	1	Attack35	Attack07	0.2
Mb1JiabailieMd000001	1	Attack60	Attack07	0.2
Mb1JiabailieMd000001	1	Stand2	Attack07	0.2
Mb1JiabailieMd000001	1	Attack03	Attack08	0.2
Mb1JiabailieMd000001	1	Attack05	Attack08	0.2
Mb1JiabailieMd000001	1	Attack07	Attack08	0.2
Mb1JiabailieMd000001	1	Attack08	Attack08	0.2
Mb1JiabailieMd000001	1	Attack10	Attack08	0.2
Mb1JiabailieMd000001	1	Attack12	Attack08	0.2
Mb1JiabailieMd000001	1	Attack13	Attack08	0.2
Mb1JiabailieMd000001	1	Attack14	Attack08	0.2
Mb1JiabailieMd000001	1	Attack15	Attack08	0.2
Mb1JiabailieMd000001	1	Attack16	Attack08	0.2
Mb1JiabailieMd000001	1	Attack17	Attack08	0.2
Mb1JiabailieMd000001	1	Attack18	Attack08	0.2
Mb1JiabailieMd000001	1	Attack21	Attack08	0.2
Mb1JiabailieMd000001	1	Attack22	Attack08	0.2
Mb1JiabailieMd000001	1	Attack23	Attack08	0.2
Mb1JiabailieMd000001	1	Attack24	Attack08	0.2
Mb1JiabailieMd000001	1	Attack28	Attack08	0.2
Mb1JiabailieMd000001	1	Attack29	Attack08	0.2
Mb1JiabailieMd000001	1	Attack30	Attack08	0.2
Mb1JiabailieMd000001	1	Attack31	Attack08	0.2
Mb1JiabailieMd000001	1	Attack34	Attack08	0.2
Mb1JiabailieMd000001	1	Attack35	Attack08	0.2
Mb1JiabailieMd000001	1	Attack60	Attack08	0.2
Mb1JiabailieMd000001	1	Stand2	Attack08	0.2
Mb1JiabailieMd000001	1	Attack03	Attack10	0.2
Mb1JiabailieMd000001	1	Attack05	Attack10	0.2
Mb1JiabailieMd000001	1	Attack07	Attack10	0.2
Mb1JiabailieMd000001	1	Attack08	Attack10	0.2
Mb1JiabailieMd000001	1	Attack10	Attack10	0.2
Mb1JiabailieMd000001	1	Attack12	Attack10	0.2
Mb1JiabailieMd000001	1	Attack13	Attack10	0.2
Mb1JiabailieMd000001	1	Attack14	Attack10	0.2
Mb1JiabailieMd000001	1	Attack15	Attack10	0.2
Mb1JiabailieMd000001	1	Attack16	Attack10	0.2
Mb1JiabailieMd000001	1	Attack17	Attack10	0.2
Mb1JiabailieMd000001	1	Attack18	Attack10	0.2
Mb1JiabailieMd000001	1	Attack21	Attack10	0.2
Mb1JiabailieMd000001	1	Attack22	Attack10	0.2
Mb1JiabailieMd000001	1	Attack23	Attack10	0.2
Mb1JiabailieMd000001	1	Attack24	Attack10	0.2
Mb1JiabailieMd000001	1	Attack28	Attack10	0.2
Mb1JiabailieMd000001	1	Attack29	Attack10	0.2
Mb1JiabailieMd000001	1	Attack30	Attack10	0.2
Mb1JiabailieMd000001	1	Attack31	Attack10	0.2
Mb1JiabailieMd000001	1	Attack34	Attack10	0.2
Mb1JiabailieMd000001	1	Attack35	Attack10	0.2
Mb1JiabailieMd000001	1	Attack60	Attack10	0.2
Mb1JiabailieMd000001	1	Stand2	Attack10	0.2
Mb1JiabailieMd000001	1	Attack03	Attack12	0.2
Mb1JiabailieMd000001	1	Attack05	Attack12	0.2
Mb1JiabailieMd000001	1	Attack07	Attack12	0.2
Mb1JiabailieMd000001	1	Attack08	Attack12	0.2
Mb1JiabailieMd000001	1	Attack10	Attack12	0.2
Mb1JiabailieMd000001	1	Attack12	Attack12	0.2
Mb1JiabailieMd000001	1	Attack13	Attack12	0.2
Mb1JiabailieMd000001	1	Attack14	Attack12	0.2
Mb1JiabailieMd000001	1	Attack15	Attack12	0.2
Mb1JiabailieMd000001	1	Attack16	Attack12	0.2
Mb1JiabailieMd000001	1	Attack17	Attack12	0.2
Mb1JiabailieMd000001	1	Attack18	Attack12	0.2
Mb1JiabailieMd000001	1	Attack21	Attack12	0.2
Mb1JiabailieMd000001	1	Attack22	Attack12	0.2
Mb1JiabailieMd000001	1	Attack23	Attack12	0.2
Mb1JiabailieMd000001	1	Attack24	Attack12	0.2
Mb1JiabailieMd000001	1	Attack28	Attack12	0.2
Mb1JiabailieMd000001	1	Attack29	Attack12	0.2
Mb1JiabailieMd000001	1	Attack30	Attack12	0.2
Mb1JiabailieMd000001	1	Attack31	Attack12	0.2
Mb1JiabailieMd000001	1	Attack34	Attack12	0.2
Mb1JiabailieMd000001	1	Attack35	Attack12	0.2
Mb1JiabailieMd000001	1	Attack60	Attack12	0.2
Mb1JiabailieMd000001	1	Stand2	Attack12	0.2
Mb1JiabailieMd000001	1	Attack03	Attack13	0.2
Mb1JiabailieMd000001	1	Attack05	Attack13	0.2
Mb1JiabailieMd000001	1	Attack07	Attack13	0.2
Mb1JiabailieMd000001	1	Attack08	Attack13	0.2
Mb1JiabailieMd000001	1	Attack10	Attack13	0.2
Mb1JiabailieMd000001	1	Attack12	Attack13	0.2
Mb1JiabailieMd000001	1	Attack13	Attack13	0.2
Mb1JiabailieMd000001	1	Attack14	Attack13	0.2
Mb1JiabailieMd000001	1	Attack15	Attack13	0.2
Mb1JiabailieMd000001	1	Attack16	Attack13	0.2
Mb1JiabailieMd000001	1	Attack17	Attack13	0.2
Mb1JiabailieMd000001	1	Attack18	Attack13	0.2
Mb1JiabailieMd000001	1	Attack21	Attack13	0.2
Mb1JiabailieMd000001	1	Attack22	Attack13	0.2
Mb1JiabailieMd000001	1	Attack23	Attack13	0.2
Mb1JiabailieMd000001	1	Attack24	Attack13	0.2
Mb1JiabailieMd000001	1	Attack28	Attack13	0.2
Mb1JiabailieMd000001	1	Attack29	Attack13	0.2
Mb1JiabailieMd000001	1	Attack30	Attack13	0.2
Mb1JiabailieMd000001	1	Attack31	Attack13	0.2
Mb1JiabailieMd000001	1	Attack34	Attack13	0.2
Mb1JiabailieMd000001	1	Attack35	Attack13	0.2
Mb1JiabailieMd000001	1	Attack60	Attack13	0.2
Mb1JiabailieMd000001	1	Stand2	Attack13	0.2
Mb1JiabailieMd000001	1	Attack03	Attack14	0.2
Mb1JiabailieMd000001	1	Attack05	Attack14	0.2
Mb1JiabailieMd000001	1	Attack07	Attack14	0.2
Mb1JiabailieMd000001	1	Attack08	Attack14	0.2
Mb1JiabailieMd000001	1	Attack10	Attack14	0.2
Mb1JiabailieMd000001	1	Attack12	Attack14	0.2
Mb1JiabailieMd000001	1	Attack13	Attack14	0.2
Mb1JiabailieMd000001	1	Attack14	Attack14	0.2
Mb1JiabailieMd000001	1	Attack15	Attack14	0.2
Mb1JiabailieMd000001	1	Attack16	Attack14	0.2
Mb1JiabailieMd000001	1	Attack17	Attack14	0.2
Mb1JiabailieMd000001	1	Attack18	Attack14	0.2
Mb1JiabailieMd000001	1	Attack21	Attack14	0.2
Mb1JiabailieMd000001	1	Attack22	Attack14	0.2
Mb1JiabailieMd000001	1	Attack23	Attack14	0.2
Mb1JiabailieMd000001	1	Attack24	Attack14	0.2
Mb1JiabailieMd000001	1	Attack28	Attack14	0.2
Mb1JiabailieMd000001	1	Attack29	Attack14	0.2
Mb1JiabailieMd000001	1	Attack30	Attack14	0.2
Mb1JiabailieMd000001	1	Attack31	Attack14	0.2
Mb1JiabailieMd000001	1	Attack34	Attack14	0.2
Mb1JiabailieMd000001	1	Attack35	Attack14	0.2
Mb1JiabailieMd000001	1	Attack60	Attack14	0.2
Mb1JiabailieMd000001	1	Stand2	Attack14	0.2
Mb1JiabailieMd000001	1	Attack03	Attack15	0.2
Mb1JiabailieMd000001	1	Attack05	Attack15	0.2
Mb1JiabailieMd000001	1	Attack07	Attack15	0.2
Mb1JiabailieMd000001	1	Attack08	Attack15	0.2
Mb1JiabailieMd000001	1	Attack10	Attack15	0.2
Mb1JiabailieMd000001	1	Attack12	Attack15	0.2
Mb1JiabailieMd000001	1	Attack13	Attack15	0.2
Mb1JiabailieMd000001	1	Attack14	Attack15	0.2
Mb1JiabailieMd000001	1	Attack15	Attack15	0.2
Mb1JiabailieMd000001	1	Attack16	Attack15	0.2
Mb1JiabailieMd000001	1	Attack17	Attack15	0.2
Mb1JiabailieMd000001	1	Attack18	Attack15	0.2
Mb1JiabailieMd000001	1	Attack21	Attack15	0.2
Mb1JiabailieMd000001	1	Attack22	Attack15	0.2
Mb1JiabailieMd000001	1	Attack23	Attack15	0.2
Mb1JiabailieMd000001	1	Attack24	Attack15	0.2
Mb1JiabailieMd000001	1	Attack28	Attack15	0.2
Mb1JiabailieMd000001	1	Attack29	Attack15	0.2
Mb1JiabailieMd000001	1	Attack30	Attack15	0.2
Mb1JiabailieMd000001	1	Attack31	Attack15	0.2
Mb1JiabailieMd000001	1	Attack34	Attack15	0.2
Mb1JiabailieMd000001	1	Attack35	Attack15	0.2
Mb1JiabailieMd000001	1	Attack60	Attack15	0.2
Mb1JiabailieMd000001	1	Stand2	Attack15	0.2
Mb1JiabailieMd000001	1	Attack03	Attack16	0.2
Mb1JiabailieMd000001	1	Attack05	Attack16	0.2
Mb1JiabailieMd000001	1	Attack07	Attack16	0.2
Mb1JiabailieMd000001	1	Attack08	Attack16	0.2
Mb1JiabailieMd000001	1	Attack10	Attack16	0.2
Mb1JiabailieMd000001	1	Attack12	Attack16	0.2
Mb1JiabailieMd000001	1	Attack13	Attack16	0.2
Mb1JiabailieMd000001	1	Attack14	Attack16	0.2
Mb1JiabailieMd000001	1	Attack15	Attack16	0.2
Mb1JiabailieMd000001	1	Attack16	Attack16	0.2
Mb1JiabailieMd000001	1	Attack17	Attack16	0.2
Mb1JiabailieMd000001	1	Attack18	Attack16	0.2
Mb1JiabailieMd000001	1	Attack21	Attack16	0.2
Mb1JiabailieMd000001	1	Attack22	Attack16	0.2
Mb1JiabailieMd000001	1	Attack23	Attack16	0.2
Mb1JiabailieMd000001	1	Attack24	Attack16	0.2
Mb1JiabailieMd000001	1	Attack28	Attack16	0.2
Mb1JiabailieMd000001	1	Attack29	Attack16	0.2
Mb1JiabailieMd000001	1	Attack30	Attack16	0.2
Mb1JiabailieMd000001	1	Attack31	Attack16	0.2
Mb1JiabailieMd000001	1	Attack34	Attack16	0.2
Mb1JiabailieMd000001	1	Attack35	Attack16	0.2
Mb1JiabailieMd000001	1	Attack60	Attack16	0.2
Mb1JiabailieMd000001	1	Stand2	Attack16	0.2
Mb1JiabailieMd000001	1	Attack03	Attack17	0.2
Mb1JiabailieMd000001	1	Attack05	Attack17	0.2
Mb1JiabailieMd000001	1	Attack07	Attack17	0.2
Mb1JiabailieMd000001	1	Attack08	Attack17	0.2
Mb1JiabailieMd000001	1	Attack10	Attack17	0.2
Mb1JiabailieMd000001	1	Attack12	Attack17	0.2
Mb1JiabailieMd000001	1	Attack13	Attack17	0.2
Mb1JiabailieMd000001	1	Attack14	Attack17	0.2
Mb1JiabailieMd000001	1	Attack15	Attack17	0.2
Mb1JiabailieMd000001	1	Attack16	Attack17	0.2
Mb1JiabailieMd000001	1	Attack17	Attack17	0.2
Mb1JiabailieMd000001	1	Attack18	Attack17	0.2
Mb1JiabailieMd000001	1	Attack21	Attack17	0.2
Mb1JiabailieMd000001	1	Attack22	Attack17	0.2
Mb1JiabailieMd000001	1	Attack23	Attack17	0.2
Mb1JiabailieMd000001	1	Attack24	Attack17	0.2
Mb1JiabailieMd000001	1	Attack28	Attack17	0.2
Mb1JiabailieMd000001	1	Attack29	Attack17	0.2
Mb1JiabailieMd000001	1	Attack30	Attack17	0.2
Mb1JiabailieMd000001	1	Attack31	Attack17	0.2
Mb1JiabailieMd000001	1	Attack34	Attack17	0.2
Mb1JiabailieMd000001	1	Attack35	Attack17	0.2
Mb1JiabailieMd000001	1	Attack60	Attack17	0.2
Mb1JiabailieMd000001	1	Stand2	Attack17	0.2
Mb1JiabailieMd000001	1	Attack03	Attack18	0.2
Mb1JiabailieMd000001	1	Attack05	Attack18	0.2
Mb1JiabailieMd000001	1	Attack07	Attack18	0.2
Mb1JiabailieMd000001	1	Attack08	Attack18	0.2
Mb1JiabailieMd000001	1	Attack10	Attack18	0.2
Mb1JiabailieMd000001	1	Attack12	Attack18	0.2
Mb1JiabailieMd000001	1	Attack13	Attack18	0.2
Mb1JiabailieMd000001	1	Attack14	Attack18	0.2
Mb1JiabailieMd000001	1	Attack15	Attack18	0.2
Mb1JiabailieMd000001	1	Attack16	Attack18	0.2
Mb1JiabailieMd000001	1	Attack17	Attack18	0.2
Mb1JiabailieMd000001	1	Attack18	Attack18	0.2
Mb1JiabailieMd000001	1	Attack21	Attack18	0.2
Mb1JiabailieMd000001	1	Attack22	Attack18	0.2
Mb1JiabailieMd000001	1	Attack23	Attack18	0.2
Mb1JiabailieMd000001	1	Attack24	Attack18	0.2
Mb1JiabailieMd000001	1	Attack28	Attack18	0.2
Mb1JiabailieMd000001	1	Attack29	Attack18	0.2
Mb1JiabailieMd000001	1	Attack30	Attack18	0.2
Mb1JiabailieMd000001	1	Attack31	Attack18	0.2
Mb1JiabailieMd000001	1	Attack34	Attack18	0.2
Mb1JiabailieMd000001	1	Attack35	Attack18	0.2
Mb1JiabailieMd000001	1	Attack60	Attack18	0.2
Mb1JiabailieMd000001	1	Stand2	Attack18	0.2
Mb1JiabailieMd000001	1	Attack03	Attack21	0.2
Mb1JiabailieMd000001	1	Attack05	Attack21	0.2
Mb1JiabailieMd000001	1	Attack07	Attack21	0.2
Mb1JiabailieMd000001	1	Attack08	Attack21	0.2
Mb1JiabailieMd000001	1	Attack10	Attack21	0.2
Mb1JiabailieMd000001	1	Attack12	Attack21	0.2
Mb1JiabailieMd000001	1	Attack13	Attack21	0.2
Mb1JiabailieMd000001	1	Attack14	Attack21	0.2
Mb1JiabailieMd000001	1	Attack15	Attack21	0.2
Mb1JiabailieMd000001	1	Attack16	Attack21	0.2
Mb1JiabailieMd000001	1	Attack17	Attack21	0.2
Mb1JiabailieMd000001	1	Attack18	Attack21	0.2
Mb1JiabailieMd000001	1	Attack21	Attack21	0.2
Mb1JiabailieMd000001	1	Attack22	Attack21	0.2
Mb1JiabailieMd000001	1	Attack23	Attack21	0.2
Mb1JiabailieMd000001	1	Attack24	Attack21	0.2
Mb1JiabailieMd000001	1	Attack28	Attack21	0.2
Mb1JiabailieMd000001	1	Attack29	Attack21	0.2
Mb1JiabailieMd000001	1	Attack30	Attack21	0.2
Mb1JiabailieMd000001	1	Attack31	Attack21	0.2
Mb1JiabailieMd000001	1	Attack34	Attack21	0.2
Mb1JiabailieMd000001	1	Attack35	Attack21	0.2
Mb1JiabailieMd000001	1	Attack60	Attack21	0.2
Mb1JiabailieMd000001	1	Stand2	Attack21	0.2
Mb1JiabailieMd000001	1	Attack03	Attack22	0.2
Mb1JiabailieMd000001	1	Attack05	Attack22	0.2
Mb1JiabailieMd000001	1	Attack07	Attack22	0.2
Mb1JiabailieMd000001	1	Attack08	Attack22	0.2
Mb1JiabailieMd000001	1	Attack10	Attack22	0.2
Mb1JiabailieMd000001	1	Attack12	Attack22	0.2
Mb1JiabailieMd000001	1	Attack13	Attack22	0.2
Mb1JiabailieMd000001	1	Attack14	Attack22	0.2
Mb1JiabailieMd000001	1	Attack15	Attack22	0.2
Mb1JiabailieMd000001	1	Attack16	Attack22	0.2
Mb1JiabailieMd000001	1	Attack17	Attack22	0.2
Mb1JiabailieMd000001	1	Attack18	Attack22	0.2
Mb1JiabailieMd000001	1	Attack21	Attack22	0.2
Mb1JiabailieMd000001	1	Attack22	Attack22	0.2
Mb1JiabailieMd000001	1	Attack23	Attack22	0.2
Mb1JiabailieMd000001	1	Attack24	Attack22	0.2
Mb1JiabailieMd000001	1	Attack28	Attack22	0.2
Mb1JiabailieMd000001	1	Attack29	Attack22	0.2
Mb1JiabailieMd000001	1	Attack30	Attack22	0.2
Mb1JiabailieMd000001	1	Attack31	Attack22	0.2
Mb1JiabailieMd000001	1	Attack34	Attack22	0.2
Mb1JiabailieMd000001	1	Attack35	Attack22	0.2
Mb1JiabailieMd000001	1	Attack60	Attack22	0.2
Mb1JiabailieMd000001	1	Stand2	Attack22	0.2
Mb1JiabailieMd000001	1	Attack03	Attack23	0.2
Mb1JiabailieMd000001	1	Attack05	Attack23	0.2
Mb1JiabailieMd000001	1	Attack07	Attack23	0.2
Mb1JiabailieMd000001	1	Attack08	Attack23	0.2
Mb1JiabailieMd000001	1	Attack10	Attack23	0.2
Mb1JiabailieMd000001	1	Attack12	Attack23	0.2
Mb1JiabailieMd000001	1	Attack13	Attack23	0.2
Mb1JiabailieMd000001	1	Attack14	Attack23	0.2
Mb1JiabailieMd000001	1	Attack15	Attack23	0.2
Mb1JiabailieMd000001	1	Attack16	Attack23	0.2
Mb1JiabailieMd000001	1	Attack17	Attack23	0.2
Mb1JiabailieMd000001	1	Attack18	Attack23	0.2
Mb1JiabailieMd000001	1	Attack21	Attack23	0.2
Mb1JiabailieMd000001	1	Attack22	Attack23	0.2
Mb1JiabailieMd000001	1	Attack23	Attack23	0.2
Mb1JiabailieMd000001	1	Attack24	Attack23	0.2
Mb1JiabailieMd000001	1	Attack28	Attack23	0.2
Mb1JiabailieMd000001	1	Attack29	Attack23	0.2
Mb1JiabailieMd000001	1	Attack30	Attack23	0.2
Mb1JiabailieMd000001	1	Attack31	Attack23	0.2
Mb1JiabailieMd000001	1	Attack34	Attack23	0.2
Mb1JiabailieMd000001	1	Attack35	Attack23	0.2
Mb1JiabailieMd000001	1	Attack60	Attack23	0.2
Mb1JiabailieMd000001	1	Stand2	Attack23	0.2
Mb1JiabailieMd000001	1	Attack03	Attack24	0.2
Mb1JiabailieMd000001	1	Attack05	Attack24	0.2
Mb1JiabailieMd000001	1	Attack07	Attack24	0.2
Mb1JiabailieMd000001	1	Attack08	Attack24	0.2
Mb1JiabailieMd000001	1	Attack10	Attack24	0.2
Mb1JiabailieMd000001	1	Attack12	Attack24	0.2
Mb1JiabailieMd000001	1	Attack13	Attack24	0.2
Mb1JiabailieMd000001	1	Attack14	Attack24	0.2
Mb1JiabailieMd000001	1	Attack15	Attack24	0.2
Mb1JiabailieMd000001	1	Attack16	Attack24	0.2
Mb1JiabailieMd000001	1	Attack17	Attack24	0.2
Mb1JiabailieMd000001	1	Attack18	Attack24	0.2
Mb1JiabailieMd000001	1	Attack21	Attack24	0.2
Mb1JiabailieMd000001	1	Attack22	Attack24	0.2
Mb1JiabailieMd000001	1	Attack23	Attack24	0.2
Mb1JiabailieMd000001	1	Attack24	Attack24	0.2
Mb1JiabailieMd000001	1	Attack28	Attack24	0.2
Mb1JiabailieMd000001	1	Attack29	Attack24	0.2
Mb1JiabailieMd000001	1	Attack30	Attack24	0.2
Mb1JiabailieMd000001	1	Attack31	Attack24	0.2
Mb1JiabailieMd000001	1	Attack34	Attack24	0.2
Mb1JiabailieMd000001	1	Attack35	Attack24	0.2
Mb1JiabailieMd000001	1	Attack60	Attack24	0.2
Mb1JiabailieMd000001	1	Stand2	Attack24	0.2
Mb1JiabailieMd000001	1	Attack03	Attack28	0.2
Mb1JiabailieMd000001	1	Attack05	Attack28	0.2
Mb1JiabailieMd000001	1	Attack07	Attack28	0.2
Mb1JiabailieMd000001	1	Attack08	Attack28	0.2
Mb1JiabailieMd000001	1	Attack10	Attack28	0.2
Mb1JiabailieMd000001	1	Attack12	Attack28	0.2
Mb1JiabailieMd000001	1	Attack13	Attack28	0.2
Mb1JiabailieMd000001	1	Attack14	Attack28	0.2
Mb1JiabailieMd000001	1	Attack15	Attack28	0.2
Mb1JiabailieMd000001	1	Attack16	Attack28	0.2
Mb1JiabailieMd000001	1	Attack17	Attack28	0.2
Mb1JiabailieMd000001	1	Attack18	Attack28	0.2
Mb1JiabailieMd000001	1	Attack21	Attack28	0.2
Mb1JiabailieMd000001	1	Attack22	Attack28	0.2
Mb1JiabailieMd000001	1	Attack23	Attack28	0.2
Mb1JiabailieMd000001	1	Attack24	Attack28	0.2
Mb1JiabailieMd000001	1	Attack28	Attack28	0.2
Mb1JiabailieMd000001	1	Attack29	Attack28	0.2
Mb1JiabailieMd000001	1	Attack30	Attack28	0.2
Mb1JiabailieMd000001	1	Attack31	Attack28	0.2
Mb1JiabailieMd000001	1	Attack34	Attack28	0.2
Mb1JiabailieMd000001	1	Attack35	Attack28	0.2
Mb1JiabailieMd000001	1	Attack60	Attack28	0.2
Mb1JiabailieMd000001	1	Stand2	Attack28	0.2
Mb1JiabailieMd000001	1	Attack03	Attack29	0.2
Mb1JiabailieMd000001	1	Attack05	Attack29	0.2
Mb1JiabailieMd000001	1	Attack07	Attack29	0.2
Mb1JiabailieMd000001	1	Attack08	Attack29	0.2
Mb1JiabailieMd000001	1	Attack10	Attack29	0.2
Mb1JiabailieMd000001	1	Attack12	Attack29	0.2
Mb1JiabailieMd000001	1	Attack13	Attack29	0.2
Mb1JiabailieMd000001	1	Attack14	Attack29	0.2
Mb1JiabailieMd000001	1	Attack15	Attack29	0.2
Mb1JiabailieMd000001	1	Attack16	Attack29	0.2
Mb1JiabailieMd000001	1	Attack17	Attack29	0.2
Mb1JiabailieMd000001	1	Attack18	Attack29	0.2
Mb1JiabailieMd000001	1	Attack21	Attack29	0.2
Mb1JiabailieMd000001	1	Attack22	Attack29	0.2
Mb1JiabailieMd000001	1	Attack23	Attack29	0.2
Mb1JiabailieMd000001	1	Attack24	Attack29	0.2
Mb1JiabailieMd000001	1	Attack28	Attack29	0.2
Mb1JiabailieMd000001	1	Attack29	Attack29	0.2
Mb1JiabailieMd000001	1	Attack30	Attack29	0.2
Mb1JiabailieMd000001	1	Attack31	Attack29	0.2
Mb1JiabailieMd000001	1	Attack34	Attack29	0.2
Mb1JiabailieMd000001	1	Attack35	Attack29	0.2
Mb1JiabailieMd000001	1	Attack60	Attack29	0.2
Mb1JiabailieMd000001	1	Stand2	Attack29	0.2
Mb1JiabailieMd000001	1	Attack03	Attack30	0.2
Mb1JiabailieMd000001	1	Attack05	Attack30	0.2
Mb1JiabailieMd000001	1	Attack07	Attack30	0.2
Mb1JiabailieMd000001	1	Attack08	Attack30	0.2
Mb1JiabailieMd000001	1	Attack10	Attack30	0.2
Mb1JiabailieMd000001	1	Attack12	Attack30	0.2
Mb1JiabailieMd000001	1	Attack13	Attack30	0.2
Mb1JiabailieMd000001	1	Attack14	Attack30	0.2
Mb1JiabailieMd000001	1	Attack15	Attack30	0.2
Mb1JiabailieMd000001	1	Attack16	Attack30	0.2
Mb1JiabailieMd000001	1	Attack17	Attack30	0.2
Mb1JiabailieMd000001	1	Attack18	Attack30	0.2
Mb1JiabailieMd000001	1	Attack21	Attack30	0.2
Mb1JiabailieMd000001	1	Attack22	Attack30	0.2
Mb1JiabailieMd000001	1	Attack23	Attack30	0.2
Mb1JiabailieMd000001	1	Attack24	Attack30	0.2
Mb1JiabailieMd000001	1	Attack28	Attack30	0.2
Mb1JiabailieMd000001	1	Attack29	Attack30	0.2
Mb1JiabailieMd000001	1	Attack30	Attack30	0.2
Mb1JiabailieMd000001	1	Attack31	Attack30	0.2
Mb1JiabailieMd000001	1	Attack34	Attack30	0.2
Mb1JiabailieMd000001	1	Attack35	Attack30	0.2
Mb1JiabailieMd000001	1	Attack60	Attack30	0.2
Mb1JiabailieMd000001	1	Stand2	Attack30	0.2
Mb1JiabailieMd000001	1	Attack03	Attack31	0.2
Mb1JiabailieMd000001	1	Attack05	Attack31	0.2
Mb1JiabailieMd000001	1	Attack07	Attack31	0.2
Mb1JiabailieMd000001	1	Attack08	Attack31	0.2
Mb1JiabailieMd000001	1	Attack10	Attack31	0.2
Mb1JiabailieMd000001	1	Attack12	Attack31	0.2
Mb1JiabailieMd000001	1	Attack13	Attack31	0.2
Mb1JiabailieMd000001	1	Attack14	Attack31	0.2
Mb1JiabailieMd000001	1	Attack15	Attack31	0.2
Mb1JiabailieMd000001	1	Attack16	Attack31	0.2
Mb1JiabailieMd000001	1	Attack17	Attack31	0.2
Mb1JiabailieMd000001	1	Attack18	Attack31	0.2
Mb1JiabailieMd000001	1	Attack21	Attack31	0.2
Mb1JiabailieMd000001	1	Attack22	Attack31	0.2
Mb1JiabailieMd000001	1	Attack23	Attack31	0.2
Mb1JiabailieMd000001	1	Attack24	Attack31	0.2
Mb1JiabailieMd000001	1	Attack28	Attack31	0.2
Mb1JiabailieMd000001	1	Attack29	Attack31	0.2
Mb1JiabailieMd000001	1	Attack30	Attack31	0.2
Mb1JiabailieMd000001	1	Attack31	Attack31	0.2
Mb1JiabailieMd000001	1	Attack34	Attack31	0.2
Mb1JiabailieMd000001	1	Attack35	Attack31	0.2
Mb1JiabailieMd000001	1	Attack60	Attack31	0.2
Mb1JiabailieMd000001	1	Stand2	Attack31	0.2
Mb1JiabailieMd000001	1	Attack03	Attack34	0.2
Mb1JiabailieMd000001	1	Attack05	Attack34	0.2
Mb1JiabailieMd000001	1	Attack07	Attack34	0.2
Mb1JiabailieMd000001	1	Attack08	Attack34	0.2
Mb1JiabailieMd000001	1	Attack10	Attack34	0.2
Mb1JiabailieMd000001	1	Attack12	Attack34	0.2
Mb1JiabailieMd000001	1	Attack13	Attack34	0.2
Mb1JiabailieMd000001	1	Attack14	Attack34	0.2
Mb1JiabailieMd000001	1	Attack15	Attack34	0.2
Mb1JiabailieMd000001	1	Attack16	Attack34	0.2
Mb1JiabailieMd000001	1	Attack17	Attack34	0.2
Mb1JiabailieMd000001	1	Attack18	Attack34	0.2
Mb1JiabailieMd000001	1	Attack21	Attack34	0.2
Mb1JiabailieMd000001	1	Attack22	Attack34	0.2
Mb1JiabailieMd000001	1	Attack23	Attack34	0.2
Mb1JiabailieMd000001	1	Attack24	Attack34	0.2
Mb1JiabailieMd000001	1	Attack28	Attack34	0.2
Mb1JiabailieMd000001	1	Attack29	Attack34	0.2
Mb1JiabailieMd000001	1	Attack30	Attack34	0.2
Mb1JiabailieMd000001	1	Attack31	Attack34	0.2
Mb1JiabailieMd000001	1	Attack34	Attack34	0.2
Mb1JiabailieMd000001	1	Attack35	Attack34	0.2
Mb1JiabailieMd000001	1	Attack60	Attack34	0.2
Mb1JiabailieMd000001	1	Stand2	Attack34	0.2
Mb1JiabailieMd000001	1	Attack03	Attack35	0.2
Mb1JiabailieMd000001	1	Attack05	Attack35	0.2
Mb1JiabailieMd000001	1	Attack07	Attack35	0.2
Mb1JiabailieMd000001	1	Attack08	Attack35	0.2
Mb1JiabailieMd000001	1	Attack10	Attack35	0.2
Mb1JiabailieMd000001	1	Attack12	Attack35	0.2
Mb1JiabailieMd000001	1	Attack13	Attack35	0.2
Mb1JiabailieMd000001	1	Attack14	Attack35	0.2
Mb1JiabailieMd000001	1	Attack15	Attack35	0.2
Mb1JiabailieMd000001	1	Attack16	Attack35	0.2
Mb1JiabailieMd000001	1	Attack17	Attack35	0.2
Mb1JiabailieMd000001	1	Attack18	Attack35	0.2
Mb1JiabailieMd000001	1	Attack21	Attack35	0.2
Mb1JiabailieMd000001	1	Attack22	Attack35	0.2
Mb1JiabailieMd000001	1	Attack23	Attack35	0.2
Mb1JiabailieMd000001	1	Attack24	Attack35	0.2
Mb1JiabailieMd000001	1	Attack28	Attack35	0.2
Mb1JiabailieMd000001	1	Attack29	Attack35	0.2
Mb1JiabailieMd000001	1	Attack30	Attack35	0.2
Mb1JiabailieMd000001	1	Attack31	Attack35	0.2
Mb1JiabailieMd000001	1	Attack34	Attack35	0.2
Mb1JiabailieMd000001	1	Attack35	Attack35	0.2
Mb1JiabailieMd000001	1	Attack60	Attack35	0.2
Mb1JiabailieMd000001	1	Stand2	Attack35	0.2
Mb1JiabailieMd000001	1	Attack03	Attack60	0.2
Mb1JiabailieMd000001	1	Attack05	Attack60	0.2
Mb1JiabailieMd000001	1	Attack07	Attack60	0.2
Mb1JiabailieMd000001	1	Attack08	Attack60	0.2
Mb1JiabailieMd000001	1	Attack10	Attack60	0.2
Mb1JiabailieMd000001	1	Attack12	Attack60	0.2
Mb1JiabailieMd000001	1	Attack13	Attack60	0.2
Mb1JiabailieMd000001	1	Attack14	Attack60	0.2
Mb1JiabailieMd000001	1	Attack15	Attack60	0.2
Mb1JiabailieMd000001	1	Attack16	Attack60	0.2
Mb1JiabailieMd000001	1	Attack17	Attack60	0.2
Mb1JiabailieMd000001	1	Attack18	Attack60	0.2
Mb1JiabailieMd000001	1	Attack21	Attack60	0.2
Mb1JiabailieMd000001	1	Attack22	Attack60	0.2
Mb1JiabailieMd000001	1	Attack23	Attack60	0.2
Mb1JiabailieMd000001	1	Attack24	Attack60	0.2
Mb1JiabailieMd000001	1	Attack28	Attack60	0.2
Mb1JiabailieMd000001	1	Attack29	Attack60	0.2
Mb1JiabailieMd000001	1	Attack30	Attack60	0.2
Mb1JiabailieMd000001	1	Attack31	Attack60	0.2
Mb1JiabailieMd000001	1	Attack34	Attack60	0.2
Mb1JiabailieMd000001	1	Attack35	Attack60	0.2
Mb1JiabailieMd000001	1	Attack60	Attack60	0.2
Mb1JiabailieMd000001	1	Stand2	Attack60	0.2
