Id	CharacterId	Name	CvId	UnlockLv	ConditionDescript	SoundType	IsShow
1	1011002	Construct joins	101001	1	Affection 1		1
2	1011002	Level up	101006	1	Affection 1		1
3	1011002	Promote	101007	1	Affection 1		1
4	1011002	Evolve	101008	1	Affection 1		1
5	1011002	Improve skill	101009	1	Affection 1		1
6	1011002	Equip weapon	101010	1	Affection 1		1
7	1011002	Level up	101113	1	Affection 1	2	0
8	1011002	Promote	101114	1	Affection 1	4	0
9	1011002	Evolve	101115	1	Affection 1	3	0
10	1011002	Improve skill	101116	1	Affection 1	5	0
11	1011002	Equip weapon	101117	1	Affection 1	6	0
12	1011002	Add to team	101012	1	Affection 1	7	1
13	1011002	Set as leader	101013	1	Affection 1	8	1
14	1011002	Mission complete 1	101014	1	Affection 1		1
15	1011002	Mission complete 2	101015	1	Affection 1		1
16	1011002	General greeting 1	101016	1	Affection 1		1
17	1011002	General greeting 2	101017	1	Affection 1		1
18	1011002	General greeting 3	101019	2	Affection 2		1
19	1011002	General greeting 4	101020	2	Affection 2		1
20	1011002	General greeting 5	101021	2	Affection 2		1
21	1011002	General greeting 6	101022	3	Affection 3		1
22	1011002	General greeting 7	101023	3	Affection 3		1
23	1011002	General greeting 8	101024	3	Affection 3		1
24	1011002	General greeting 9	101025	5	Affection 5		1
25	1011002	General greeting 10	101026	5	Affection 5		1
26	1011002	General greeting 11	101027	5	Affection 5		1
27	1011002	General greeting 12	101028	6	Affection 6		1
28	1011002	General greeting 13	101029	6	Affection 6		1
29	1011002	General greeting 14	101030	6	Affection 6		1
30	1011002	Affection Up 1	101031	1	Affection 1		1
31	1011002	Affection Up 2	101032	1	Affection 1		1
32	1011002	Affection Up 3	101033	3	Affection 3		1
33	1011002	Affection Up 4	101034	3	Affection 3		1
34	1011002	Affection Up 5	101035	5	Affection 5		1
35	1011002	Affection Up 6	101036	5	Affection 5		1
36	1011002	Affection Up 7	101037	6	Affection 6		1
37	1011002	Affection Up 8	101038	6	Affection 6		1
38	1011002	Idle 1	101043	1	Affection 1		1
39	1011002	Idle 2	101044	3	Affection 3		1
40	1011002	Idle 3	101045	5	Affection 5		1
41	1011002	Idle 4	101046	6	Affection 6		1
42	1011002	Excessive online time 1	101047	1	Affection 1		1
43	1011002	Excessive online time 2	101048	3	Affection 3		1
44	1011002	Excessive online time 3	101049	5	Affection 5		1
45	1011002	Excessive online time 4	101050	6	Affection 6		1
46	1011002	Connection made 1	101051	1	Affection 1		1
47	1011002	Connection made 2	101052	3	Affection 3		1
48	1011002	Connection made 3	101053	5	Affection 5		1
49	1011002	Connection made 4	101054	6	Affection 6		1
50	1011002	Extended offline time 1	101055	1	Affection 1		1
51	1011002	Extended offline time 2	101056	3	Affection 3		1
52	1011002	Extended offline time 3	101057	5	Affection 5		1
53	1011002	Extended offline time 4	101058	6	Affection 6		1
54	1011002	Shake 1	101059	1	Affection 1		1
55	1011002	Shake 2	101060	3	Affection 3		1
56	1011002	Shake 3	101061	5	Affection 5		1
57	1011002	Shake 4	101062	6	Affection 6		1
58	1011002	Quick tap 1	101063	1	Affection 1		1
59	1011002	Quick tap 2	101064	3	Affection 3		1
60	1011002	Quick tap 3	101065	5	Affection 5		1
61	1011002	Quick tap 4	101066	6	Affection 6		1
62	1011002	Activity at max	101067	1	Affection 1		1
63	1011002	Battle over	101068	1	Affection 1		1
64	1011002	Teammate returns	101069	1	Affection 1		1
65	1011002	Battle 1	101151	1	Affection 1		1
66	1011002	Battle 2	101152	1	Affection 1		1
67	1011002	Battle 3	101153	1	Affection 1		1
68	1011002	Signature	101154	1	Affection 1		1
69	1011002	Injured	101155	1	Affection 1		1
70	1011002	Danger	101156	1	Affection 1		1
71	1011002	Knocked out	101157	1	Affection 1		1
72	1011002	Assist	101158	1	Affection 1		1
73	1011002	QTE	101159	1	Affection 1		1
74	1011002	Battle over	101068	1	Affection 1		1
75	1021001	Construct joins	102001	1	Affection 1		1
76	1021001	Level up	102006	1	Affection 1		1
77	1021001	Promote	102007	1	Affection 1		1
78	1021001	Evolve	102008	1	Affection 1		1
79	1021001	Improve skill	102009	1	Affection 1		1
80	1021001	Equip weapon	102010	1	Affection 1		1
81	1021001	Level up	102137	1	Affection 1	2	0
82	1021001	Promote	102138	1	Affection 1	4	0
83	1021001	Evolve	102139	1	Affection 1	3	0
84	1021001	Improve skill	102140	1	Affection 1	5	0
85	1021001	Equip weapon	102141	1	Affection 1	6	0
86	1021001	Add to team	102012	1	Affection 1	7	1
87	1021001	Set as leader	102013	1	Affection 1	8	1
88	1021001	Mission complete 1	102014	1	Affection 1		1
89	1021001	Mission complete 2	102015	1	Affection 1		1
90	1021001	Mission complete 3	102017	2	Affection 2		1
91	1021001	Mission complete 4	102018	2	Affection 2		1
92	1021001	Mission complete 5	102020	3	Affection 3		1
93	1021001	Mission complete 6	102021	3	Affection 3		1
94	1021001	Mission complete 7	102022	5	Affection 5		1
95	1021001	Mission complete 8	102023	5	Affection 5		1
96	1021001	Mission complete 9	102024	6	Affection 6		1
97	1021001	Mission complete 10	102025	6	Affection 6		1
98	1021001	General greeting 1	102026	1	Affection 1		1
99	1021001	General greeting 2	102027	1	Affection 1		1
100	1021001	General greeting 3	102028	1	Affection 1		1
101	1021001	General greeting 4	102029	1	Affection 1		1
102	1021001	General greeting 5	102030	2	Affection 2		1
103	1021001	General greeting 6	102031	2	Affection 2		1
104	1021001	General greeting 7	102032	2	Affection 2		1
105	1021001	General greeting 8	102033	3	Affection 3		1
106	1021001	General greeting 9	102034	3	Affection 3		1
107	1021001	General greeting 10	102035	3	Affection 3		1
108	1021001	General greeting 11	102036	4	Affection 4		1
109	1021001	General greeting 12	102037	4	Affection 4		1
110	1021001	General greeting 13	102038	4	Affection 4		1
111	1021001	General greeting 14	102039	5	Affection 5		1
112	1021001	General greeting 15	102040	5	Affection 5		1
113	1021001	General greeting 16	102041	5	Affection 5		1
114	1021001	General greeting 17	102042	6	Affection 6		1
115	1021001	General greeting 18	102043	6	Affection 6		1
116	1021001	General greeting 19	102044	6	Affection 6		1
117	1021001	Affection Up 1	102045	1	Affection 1		1
118	1021001	Affection Up 2	102046	1	Affection 1		1
119	1021001	Affection Up 3	102047	2	Affection 2		1
120	1021001	Affection Up 4	102048	2	Affection 2		1
121	1021001	Affection Up 5	102049	3	Affection 3		1
122	1021001	Affection Up 6	102050	3	Affection 3		1
123	1021001	Affection Up 7	102051	5	Affection 5		1
124	1021001	Affection Up 8	102052	5	Affection 5		1
125	1021001	Affection up 9	102053	6	Affection 6		1
126	1021001	Affection up 10	102054	6	Affection 6		1
127	1021001	Idle 1	102059	1	Affection 1		1
128	1021001	Idle 2	102060	2	Affection 2		1
129	1021001	Idle 3	102061	4	Affection 4		1
130	1021001	Idle 4	102062	6	Affection 6		1
131	1021001	Excessive online time 1	102063	1	Affection 1		1
132	1021001	Excessive online time 2	102064	2	Affection 2		1
133	1021001	Excessive online time 3	102065	4	Affection 4		1
134	1021001	Excessive online time 4	102066	6	Affection 6		1
135	1021001	Connection made 1	102067	1	Affection 1		1
136	1021001	Connection made 2	102068	2	Affection 2		1
137	1021001	Connection made 3	102069	4	Affection 4		1
138	1021001	Connection made 4	102070	6	Affection 6		1
139	1021001	Extended offline time 1	102071	1	Affection 1		1
140	1021001	Extended offline time 2	102072	3	Affection 3		1
141	1021001	Extended offline time 3	102073	5	Affection 5		1
142	1021001	Extended offline time 4	102074	6	Affection 6		1
143	1021001	Shake 1	102075	1	Affection 1		1
144	1021001	Shake 2	102076	3	Affection 3		1
145	1021001	Shake 3	102077	5	Affection 5		1
146	1021001	Shake 4	102078	6	Affection 6		1
147	1021001	Quick tap 1	102079	1	Affection 1		1
148	1021001	Quick tap 2	102080	3	Affection 3		1
149	1021001	Quick tap 3	102081	5	Affection 5		1
150	1021001	Quick tap 4	102082	6	Affection 6		1
151	1021001	Activity at max	102083	1	Affection 1		1
152	1021001	Battle over	102084	1	Affection 1		1
153	1021001	Teammate returns	102085	1	Affection 1		1
154	1021001	Battle 1	102151	1	Affection 1		1
155	1021001	Battle 2	102152	1	Affection 1		1
156	1021001	Battle 3	102153	1	Affection 1		1
157	1021001	Signature	102154	1	Affection 1		1
158	1021001	Injured	102155	1	Affection 1		1
159	1021001	Danger	102156	1	Affection 1		1
160	1021001	Knocked out	102157	1	Affection 1		1
161	1021001	Assist	102158	1	Affection 1		1
162	1021001	QTE	102159	1	Affection 1		1
163	1021001	Battle over	102084	1	Affection 1		1
164	1031001	Construct joins	103001	1	Affection 1		1
165	1031001	Level up	103006	1	Affection 1		1
166	1031001	Promote	103007	1	Affection 1		1
167	1031001	Evolve	103008	1	Affection 1		1
168	1031001	Improve skill	103009	1	Affection 1		1
169	1031001	Equip weapon	103010	1	Affection 1		1
170	1031001	Level up	103123	1	Affection 1	2	0
171	1031001	Promote	103124	1	Affection 1	4	0
172	1031001	Evolve	103125	1	Affection 1	3	0
173	1031001	Improve skill	103126	1	Affection 1	5	0
174	1031001	Equip weapon	103127	1	Affection 1	6	0
175	1031001	Add to team	103012	1	Affection 1	7	1
176	1031001	Set as leader	103013	1	Affection 1	8	1
177	1031001	Mission complete 1	103014	1	Affection 1		1
178	1031001	Mission complete 2	103015	1	Affection 1		1
179	1031001	General greeting 1	103016	1	Affection 1		1
180	1031001	General greeting 2	103017	1	Affection 1		1
181	1031001	General greeting 3	103018	1	Affection 1		1
182	1031001	General greeting 4	103019	1	Affection 1		1
183	1031001	General greeting 5	103020	2	Affection 2		1
184	1031001	General greeting 6	103021	2	Affection 2		1
185	1031001	General greeting 7	103022	2	Affection 2		1
186	1031001	General greeting 8	103023	3	Affection 3		1
187	1031001	General greeting 9	103024	3	Affection 3		1
188	1031001	General greeting 10	103025	3	Affection 3		1
189	1031001	General greeting 11	103026	4	Affection 4		1
190	1031001	General greeting 12	103027	4	Affection 4		1
191	1031001	General greeting 13	103028	4	Affection 4		1
192	1031001	General greeting 14	103030	5	Affection 5		1
193	1031001	General greeting 15	103031	5	Affection 5		1
194	1031001	General greeting 16	103032	6	Affection 6		1
195	1031001	General greeting 17	103033	6	Affection 6		1
196	1031001	General greeting 18	103034	6	Affection 6		1
197	1031001	Affection Up 1	103035	1	Affection 1		1
198	1031001	Affection Up 2	103036	1	Affection 1		1
199	1031001	Affection Up 3	103037	3	Affection 3		1
200	1031001	Affection Up 4	103038	3	Affection 3		1
201	1031001	Affection Up 5	103039	5	Affection 5		1
202	1031001	Affection Up 6	103040	5	Affection 5		1
203	1031001	Affection Up 7	103041	6	Affection 6		1
204	1031001	Affection Up 8	103042	6	Affection 6		1
205	1031001	Idle 1	103047	1	Affection 1		1
206	1031001	Idle 2	103048	3	Affection 3		1
207	1031001	Idle 3	103049	4	Affection 4		1
208	1031001	Idle 4	103050	5	Affection 5		1
209	1031001	Idle 5	103051	6	Affection 6		1
210	1031001	Excessive online time 1	103052	1	Affection 1		1
211	1031001	Excessive online time 2	103053	3	Affection 3		1
212	1031001	Excessive online time 3	103054	5	Affection 5		1
213	1031001	Excessive online time 4	103055	6	Affection 6		1
214	1031001	Connection made 1	103056	1	Affection 1		1
215	1031001	Connection made 2	103057	3	Affection 3		1
216	1031001	Connection made 3	103058	5	Affection 5		1
217	1031001	Connection made 4	103059	6	Affection 6		1
218	1031001	Extended offline time 1	103060	1	Affection 1		1
219	1031001	Extended offline time 2	103061	3	Affection 3		1
220	1031001	Extended offline time 3	103062	5	Affection 5		1
221	1031001	Extended offline time 4	103063	6	Affection 6		1
222	1031001	Shake 1	103064	1	Affection 1		1
223	1031001	Shake 2	103065	3	Affection 3		1
224	1031001	Shake 3	103066	5	Affection 5		1
225	1031001	Shake 4	103067	6	Affection 6		1
226	1031001	Quick tap 1	103068	1	Affection 1		1
227	1031001	Quick tap 2	103069	3	Affection 3		1
228	1031001	Quick tap 3	103070	5	Affection 5		1
229	1031001	Quick tap 4	103071	6	Affection 6		1
230	1031001	Activity at max	103072	1	Affection 1		1
231	1031001	Battle over	103073	1	Affection 1		1
232	1031001	Teammate returns	103074	1	Affection 1		1
233	1031001	Battle 1	103151	1	Affection 1		1
234	1031001	Battle 2	103152	1	Affection 1		1
235	1031001	Battle 3	103153	1	Affection 1		1
236	1031001	Signature	103154	1	Affection 1		1
237	1031001	Injured	103155	1	Affection 1		1
238	1031001	Danger	103156	1	Affection 1		1
239	1031001	Knocked out	103157	1	Affection 1		1
240	1031001	Assist	103158	1	Affection 1		1
241	1031001	QTE	103159	1	Affection 1		1
242	1031001	Battle over	103073	1	Affection 1		1
243	1041002	Construct joins	104001	1	Affection 1		1
244	1041002	Level up	104006	1	Affection 1		1
245	1041002	Promote	104007	1	Affection 1		1
246	1041002	Evolve	104008	1	Affection 1		1
247	1041002	Improve skill	104009	1	Affection 1		1
248	1041002	Equip weapon	104010	1	Affection 1		1
249	1041002	Level up	104102	1	Affection 1	2	0
250	1041002	Promote	104103	1	Affection 1	4	0
251	1041002	Evolve	104104	1	Affection 1	3	0
252	1041002	Improve skill	104105	1	Affection 1	5	0
253	1041002	Equip weapon	104106	1	Affection 1	6	0
254	1041002	Add to team	104012	1	Affection 1	7	1
255	1041002	Set as leader	104013	1	Affection 1	8	1
256	1041002	Mission complete 1	104014	1	Affection 1		1
257	1041002	Mission complete 2	104015	1	Affection 1		1
258	1041002	General greeting 1	104016	1	Affection 1		1
259	1041002	General greeting 2	104017	1	Affection 1		1
260	1041002	General greeting 3	104018	1	Affection 1		1
261	1041002	General greeting 4	104019	3	Affection 3		1
262	1041002	General greeting 5	104020	3	Affection 3		1
263	1041002	General greeting 6	104021	3	Affection 3		1
264	1041002	General greeting 7	104022	5	Affection 5		1
265	1041002	General greeting 8	104023	5	Affection 5		1
266	1041002	General greeting 9	104024	5	Affection 5		1
267	1041002	General greeting 10	104025	6	Affection 6		1
268	1041002	Affection Up 1	104028	1	Affection 1		1
269	1041002	Affection Up 2	104029	1	Affection 1		1
270	1041002	Affection Up 3	104030	3	Affection 3		1
271	1041002	Affection Up 4	104031	3	Affection 3		1
272	1041002	Affection Up 5	104032	5	Affection 5		1
273	1041002	Affection Up 6	104033	5	Affection 5		1
274	1041002	Affection Up 7	104034	6	Affection 6		1
275	1041002	Affection Up 8	104035	6	Affection 6		1
276	1041002	Idle 1	104040	1	Affection 1		1
277	1041002	Idle 2	104041	3	Affection 3		1
278	1041002	Idle 3	104042	5	Affection 5		1
279	1041002	Idle 4	104043	6	Affection 6		1
280	1041002	Excessive online time 1	104044	1	Affection 1		1
281	1041002	Excessive online time 2	104045	3	Affection 3		1
282	1041002	Excessive online time 3	104046	5	Affection 5		1
283	1041002	Excessive online time 4	104047	6	Affection 6		1
284	1041002	Connection made 1	104048	1	Affection 1		1
285	1041002	Connection made 2	104049	3	Affection 3		1
286	1041002	Connection made 3	104050	5	Affection 5		1
287	1041002	Connection made 4	104051	6	Affection 6		1
288	1041002	Extended offline time 1	104052	1	Affection 1		1
289	1041002	Extended offline time 2	104053	3	Affection 3		1
290	1041002	Extended offline time 3	104054	5	Affection 5		1
291	1041002	Extended offline time 4	104055	6	Affection 6		1
292	1041002	Shake 1	104056	1	Affection 1		1
293	1041002	Shake 2	104057	3	Affection 3		1
294	1041002	Shake 3	104058	5	Affection 5		1
295	1041002	Shake 4	104059	6	Affection 6		1
296	1041002	Quick tap 1	104060	1	Affection 1		1
297	1041002	Quick tap 2	104061	3	Affection 3		1
298	1041002	Quick tap 3	104062	5	Affection 5		1
299	1041002	Quick tap 4	104063	6	Affection 6		1
300	1041002	Activity at max	104064	1	Affection 1		1
301	1041002	Battle over	104065	1	Affection 1		1
302	1041002	Teammate returns	104066	1	Affection 1		1
303	1041002	Battle 1	104151	1	Affection 1		1
304	1041002	Battle 2	104152	1	Affection 1		1
305	1041002	Battle 3	104153	1	Affection 1		1
306	1041002	Signature	104154	1	Affection 1		1
307	1041002	Injured	104155	1	Affection 1		1
308	1041002	Danger	104156	1	Affection 1		1
309	1041002	Knocked out	104157	1	Affection 1		1
310	1041002	Assist	104158	1	Affection 1		1
311	1041002	QTE	104159	1	Affection 1		1
312	1041002	Battle over	104065	1	Affection 1		1
313	1051001	Construct joins	105001	1	Affection 1		1
314	1051001	Level up	105006	1	Affection 1		1
315	1051001	Promote	105007	1	Affection 1		1
316	1051001	Evolve	105008	1	Affection 1		1
317	1051001	Improve skill	105009	1	Affection 1		1
318	1051001	Equip weapon	105010	1	Affection 1		1
319	1051001	Level up	105105	1	Affection 1	2	0
320	1051001	Promote	105106	1	Affection 1	4	0
321	1051001	Evolve	105107	1	Affection 1	3	0
322	1051001	Improve skill	105108	1	Affection 1	5	0
323	1051001	Equip weapon	105109	1	Affection 1	6	0
324	1051001	Add to team	105012	1	Affection 1	7	1
325	1051001	Set as leader	105013	1	Affection 1	8	1
326	1051001	Mission complete 1	105014	1	Affection 1		1
327	1051001	Mission complete 2	105015	1	Affection 1		1
328	1051001	General greeting 1	105016	1	Affection 1		1
329	1051001	General greeting 2	105018	1	Affection 1		1
330	1051001	General greeting 3	105019	3	Affection 3		1
331	1051001	General greeting 4	105020	3	Affection 3		1
332	1051001	General greeting 5	105021	3	Affection 3		1
333	1051001	General greeting 6	105022	5	Affection 5		1
334	1051001	General greeting 7	105023	5	Affection 5		1
335	1051001	General greeting 8	105024	5	Affection 5		1
336	1051001	General greeting 9	105025	6	Affection 6		1
337	1051001	General greeting 10	105026	6	Affection 6		1
338	1051001	General greeting 11	105027	6	Affection 6		1
339	1051001	Affection Up 1	105028	1	Affection 1		1
340	1051001	Affection Up 2	105029	1	Affection 1		1
341	1051001	Affection Up 3	105030	3	Affection 3		1
342	1051001	Affection Up 4	105031	3	Affection 3		1
343	1051001	Affection Up 5	105032	5	Affection 5		1
344	1051001	Affection Up 6	105033	5	Affection 5		1
345	1051001	Affection Up 7	105034	6	Affection 6		1
346	1051001	Affection Up 8	105035	6	Affection 6		1
347	1051001	Idle 1	105040	1	Affection 1		1
348	1051001	Idle 2	105041	3	Affection 3		1
349	1051001	Idle 3	105042	5	Affection 5		1
350	1051001	Idle 4	105043	6	Affection 6		1
351	1051001	Excessive online time 1	105044	1	Affection 1		1
352	1051001	Excessive online time 2	105045	3	Affection 3		1
353	1051001	Excessive online time 3	105046	5	Affection 5		1
354	1051001	Excessive online time 4	105047	6	Affection 6		1
355	1051001	Connection made 1	105048	1	Affection 1		1
356	1051001	Connection made 2	105049	3	Affection 3		1
357	1051001	Connection made 3	105050	5	Affection 5		1
358	1051001	Connection made 4	105051	6	Affection 6		1
359	1051001	Extended offline time 1	105052	1	Affection 1		1
360	1051001	Extended offline time 2	105053	3	Affection 3		1
361	1051001	Extended offline time 3	105054	5	Affection 5		1
362	1051001	Extended offline time 4	105055	6	Affection 6		1
363	1051001	Shake 1	105056	1	Affection 1		1
364	1051001	Shake 2	105057	3	Affection 3		1
365	1051001	Shake 3	105058	5	Affection 5		1
366	1051001	Shake 4	105059	6	Affection 6		1
367	1051001	Quick tap 1	105060	1	Affection 1		1
368	1051001	Quick tap 2	105061	3	Affection 3		1
369	1051001	Quick tap 3	105062	5	Affection 5		1
370	1051001	Quick tap 4	105063	6	Affection 6		1
371	1051001	Activity at max	105064	1	Affection 1		1
372	1051001	Battle over	105065	1	Affection 1		1
373	1051001	Teammate returns	105066	1	Affection 1		1
374	1051001	Battle 1	105151	1	Affection 1		1
375	1051001	Battle 2	105152	1	Affection 1		1
376	1051001	Battle 3	105153	1	Affection 1		1
377	1051001	Signature	105154	1	Affection 1		1
378	1051001	Injured	105155	1	Affection 1		1
379	1051001	Danger	105156	1	Affection 1		1
380	1051001	Knocked out	105157	1	Affection 1		1
381	1051001	Assist	105158	1	Affection 1		1
382	1051001	QTE	105159	1	Affection 1		1
383	1051001	Battle over	105065	1	Affection 1		1
384	1061002	Construct joins	106001	1	Affection 1		1
385	1061002	Level up	106006	1	Affection 1		1
386	1061002	Promote	106007	1	Affection 1		1
387	1061002	Evolve	106008	1	Affection 1		1
388	1061002	Improve skill	106009	1	Affection 1		1
389	1061002	Equip weapon	106010	1	Affection 1		1
390	1061002	Level up	106107	1	Affection 1	2	0
391	1061002	Promote	106108	1	Affection 1	4	0
392	1061002	Evolve	106109	1	Affection 1	3	0
393	1061002	Improve skill	106110	1	Affection 1	5	0
394	1061002	Equip weapon	106111	1	Affection 1	6	0
395	1061002	Add to team	106012	1	Affection 1	7	1
396	1061002	Set as leader	106013	1	Affection 1	8	1
397	1061002	Mission complete 1	106014	1	Affection 1		1
398	1061002	Mission complete 2	106015	1	Affection 1		1
399	1061002	General greeting 1	106016	1	Affection 1		1
400	1061002	General greeting 2	106018	1	Affection 1		1
401	1061002	General greeting 3	106019	3	Affection 3		1
402	1061002	General greeting 4	106020	3	Affection 3		1
403	1061002	General greeting 5	106021	3	Affection 3		1
404	1061002	General greeting 6	106022	5	Affection 5		1
405	1061002	General greeting 7	106023	5	Affection 5		1
406	1061002	General greeting 8	106024	5	Affection 5		1
407	1061002	General greeting 9	106025	6	Affection 6		1
408	1061002	General greeting 10	106026	6	Affection 6		1
409	1061002	General greeting 11	106027	6	Affection 6		1
410	1061002	Affection Up 1	106028	1	Affection 1		1
411	1061002	Affection Up 2	106029	1	Affection 1		1
412	1061002	Affection Up 3	106031	3	Affection 3		1
413	1061002	Affection Up 4	106032	3	Affection 3		1
414	1061002	Affection Up 5	106033	5	Affection 5		1
415	1061002	Affection Up 6	106034	5	Affection 5		1
416	1061002	Affection Up 7	106035	6	Affection 6		1
417	1061002	Affection Up 8	106036	6	Affection 6		1
418	1061002	Idle 1	106041	1	Affection 1		1
419	1061002	Idle 2	106042	3	Affection 3		1
420	1061002	Idle 3	106043	5	Affection 5		1
421	1061002	Idle 4	106044	6	Affection 6		1
422	1061002	Excessive online time 1	106045	1	Affection 1		1
423	1061002	Excessive online time 2	106046	3	Affection 3		1
424	1061002	Excessive online time 3	106047	5	Affection 5		1
425	1061002	Excessive online time 4	106048	6	Affection 6		1
426	1061002	Connection made 1	106049	1	Affection 1		1
427	1061002	Connection made 2	106050	3	Affection 3		1
428	1061002	Connection made 3	106051	5	Affection 5		1
429	1061002	Connection made 4	106052	6	Affection 6		1
430	1061002	Extended offline time 1	106053	1	Affection 1		1
431	1061002	Extended offline time 2	106054	3	Affection 3		1
432	1061002	Extended offline time 3	106055	5	Affection 5		1
433	1061002	Extended offline time 4	106056	6	Affection 6		1
434	1061002	Shake 1	106057	1	Affection 1		1
435	1061002	Shake 2	106058	3	Affection 3		1
436	1061002	Shake 3	106059	5	Affection 5		1
437	1061002	Shake 4	106060	6	Affection 6		1
438	1061002	Quick tap 1	106061	1	Affection 1		1
439	1061002	Quick tap 2	106062	3	Affection 3		1
440	1061002	Quick tap 3	106063	5	Affection 5		1
441	1061002	Quick tap 4	106064	6	Affection 6		1
442	1061002	Activity at max	106065	1	Affection 1		1
443	1061002	Battle over	106066	1	Affection 1		1
444	1061002	Teammate returns	106067	1	Affection 1		1
445	1061002	Battle 1	106151	1	Affection 1		1
446	1061002	Battle 2	106152	1	Affection 1		1
447	1061002	Battle 3	106153	1	Affection 1		1
448	1061002	Signature	106154	1	Affection 1		1
449	1061002	Injured	106155	1	Affection 1		1
450	1061002	Danger	106156	1	Affection 1		1
451	1061002	Knocked out	106157	1	Affection 1		1
452	1061002	Assist	106158	1	Affection 1		1
453	1061002	QTE	106159	1	Affection 1		1
454	1061002	Battle over	106066	1	Affection 1		1
455	1071002	Construct joins	107001	1	Affection 1		1
456	1071002	Level up	107006	1	Affection 1		1
457	1071002	Promote	107007	1	Affection 1		1
458	1071002	Evolve	107008	1	Affection 1		1
459	1071002	Improve skill	107009	1	Affection 1		1
460	1071002	Equip weapon	107010	1	Affection 1		1
461	1071002	Level up	107108	1	Affection 1	2	0
462	1071002	Promote	107109	1	Affection 1	4	0
463	1071002	Evolve	107110	1	Affection 1	3	0
464	1071002	Improve skill	107111	1	Affection 1	5	0
465	1071002	Equip weapon	107112	1	Affection 1	6	0
466	1071002	Add to team	107012	1	Affection 1		1
467	1071002	Set as leader	107013	1	Affection 1	8	1
468	1071002	Mission complete 1	107014	1	Affection 1	7	1
469	1071002	Mission complete 2	107015	1	Affection 1		1
470	1071002	General greeting 1	107016	1	Affection 1		1
471	1071002	General greeting 2	107017	1	Affection 1		1
472	1071002	General greeting 3	107019	3	Affection 3		1
473	1071002	General greeting 4	107020	3	Affection 3		1
474	1071002	General greeting 5	107021	3	Affection 3		1
475	1071002	General greeting 6	107022	5	Affection 5		1
476	1071002	General greeting 7	107023	5	Affection 5		1
477	1071002	General greeting 8	107024	5	Affection 5		1
478	1071002	General greeting 9	107025	6	Affection 6		1
479	1071002	General greeting 10	107026	6	Affection 6		1
480	1071002	General greeting 11	107027	6	Affection 6		1
481	1071002	Affection Up 1	107028	1	Affection 1		1
482	1071002	Affection Up 2	107029	1	Affection 1		1
483	1071002	Affection Up 3	107030	3	Affection 3		1
484	1071002	Affection Up 4	107031	3	Affection 3		1
485	1071002	Affection Up 5	107032	5	Affection 5		1
486	1071002	Affection Up 6	107033	5	Affection 5		1
487	1071002	Affection Up 7	107034	6	Affection 6		1
488	1071002	Affection Up 8	107035	6	Affection 6		1
489	1071002	Idle 1	107040	1	Affection 1		1
490	1071002	Idle 2	107041	3	Affection 3		1
491	1071002	Idle 3	107042	5	Affection 5		1
492	1071002	Idle 4	107043	6	Affection 6		1
493	1071002	Excessive online time 1	107044	1	Affection 1		1
494	1071002	Excessive online time 2	107045	3	Affection 3		1
495	1071002	Excessive online time 3	107046	5	Affection 5		1
496	1071002	Excessive online time 4	107047	6	Affection 6		1
497	1071002	Connection made 1	107048	1	Affection 1		1
498	1071002	Connection made 2	107049	3	Affection 3		1
499	1071002	Connection made 3	107050	5	Affection 5		1
500	1071002	Connection made 4	107051	6	Affection 6		1
501	1071002	Extended offline time 1	107052	1	Affection 1		1
502	1071002	Extended offline time 2	107053	3	Affection 3		1
503	1071002	Extended offline time 3	107054	5	Affection 5		1
504	1071002	Extended offline time 4	107055	6	Affection 6		1
505	1071002	Shake 1	107056	1	Affection 1		1
506	1071002	Shake 2	107057	3	Affection 3		1
507	1071002	Shake 3	107058	5	Affection 5		1
508	1071002	Shake 4	107059	6	Affection 6		1
509	1071002	Quick tap 1	107060	1	Affection 1		1
510	1071002	Quick tap 2	107061	3	Affection 3		1
511	1071002	Quick tap 3	107062	5	Affection 5		1
512	1071002	Quick tap 4	107063	6	Affection 6		1
513	1071002	Activity at max	107064	1	Affection 1		1
514	1071002	Battle over	107065	1	Affection 1		1
515	1071002	Teammate returns	107066	1	Affection 1		1
516	1071002	Battle 1	107151	1	Affection 1		1
517	1071002	Battle 2	107152	1	Affection 1		1
518	1071002	Battle 3	107153	1	Affection 1		1
519	1071002	Signature	107154	1	Affection 1		1
520	1071002	Injured	107155	1	Affection 1		1
521	1071002	Danger	107156	1	Affection 1		1
522	1071002	Knocked out	107157	1	Affection 1		1
523	1071002	Assist	107158	1	Affection 1		1
524	1071002	QTE	107159	1	Affection 1		1
525	1071002	Battle over	107065	1	Affection 1		1
526	1081002	Construct joins	108001	1	Affection 1		1
527	1081002	Level up	108006	1	Affection 1		1
528	1081002	Promote	108007	1	Affection 1		1
529	1081002	Evolve	108008	1	Affection 1		1
530	1081002	Improve skill	108009	1	Affection 1		1
531	1081002	Equip weapon	108010	1	Affection 1		1
532	1081002	Level up	108106	1	Affection 1	2	0
533	1081002	Promote	108107	1	Affection 1	4	0
534	1081002	Evolve	108108	1	Affection 1	3	0
535	1081002	Improve skill	108109	1	Affection 1	5	0
536	1081002	Equip weapon	108110	1	Affection 1	6	0
537	1081002	Add to team	108012	1	Affection 1	7	1
538	1081002	Set as leader	108013	1	Affection 1	8	1
539	1081002	Mission complete 1	108014	1	Affection 1		1
540	1081002	Mission complete 2	108015	1	Affection 1		1
541	1081002	General greeting 1	108016	1	Affection 1		1
542	1081002	General greeting 2	108017	1	Affection 1		1
543	1081002	General greeting 3	108018	1	Affection 1		1
544	1081002	General greeting 4	108019	3	Affection 3		1
545	1081002	General greeting 5	108020	3	Affection 3		1
546	1081002	General greeting 6	108021	3	Affection 3		1
547	1081002	General greeting 7	108022	5	Affection 5		1
548	1081002	General greeting 8	108023	5	Affection 5		1
549	1081002	General greeting 9	108024	5	Affection 5		1
550	1081002	General greeting 10	108025	6	Affection 6		1
551	1081002	General greeting 11	108026	6	Affection 6		1
552	1081002	General greeting 12	108027	6	Affection 6		1
553	1081002	Affection Up 1	108028	1	Affection 1		1
554	1081002	Affection Up 2	108029	1	Affection 1		1
555	1081002	Affection Up 3	108030	3	Affection 3		1
556	1081002	Affection Up 4	108031	3	Affection 3		1
557	1081002	Affection Up 5	108032	5	Affection 5		1
558	1081002	Affection Up 6	108033	5	Affection 5		1
559	1081002	Affection Up 7	108034	6	Affection 6		1
560	1081002	Affection Up 8	108035	6	Affection 6		1
561	1081002	Idle 1	108040	1	Affection 1		1
562	1081002	Idle 2	108041	3	Affection 3		1
563	1081002	Idle 3	108042	5	Affection 5		1
564	1081002	Idle 4	108043	6	Affection 6		1
565	1081002	Excessive online time 1	108044	1	Affection 1		1
566	1081002	Excessive online time 2	108045	3	Affection 3		1
567	1081002	Excessive online time 3	108046	5	Affection 5		1
568	1081002	Excessive online time 4	108047	6	Affection 6		1
569	1081002	Connection made 1	108048	1	Affection 1		1
570	1081002	Connection made 2	108049	3	Affection 3		1
571	1081002	Connection made 3	108050	5	Affection 5		1
572	1081002	Connection made 4	108051	6	Affection 6		1
573	1081002	Extended offline time 1	108052	1	Affection 1		1
574	1081002	Extended offline time 2	108053	3	Affection 3		1
575	1081002	Extended offline time 3	108054	5	Affection 5		1
576	1081002	Extended offline time 4	108055	6	Affection 6		1
577	1081002	Shake 1	108056	1	Affection 1		1
578	1081002	Shake 2	108057	3	Affection 3		1
579	1081002	Shake 3	108058	5	Affection 5		1
580	1081002	Shake 4	108059	6	Affection 6		1
581	1081002	Quick tap 1	108060	1	Affection 1		1
582	1081002	Quick tap 2	108061	3	Affection 3		1
583	1081002	Quick tap 3	108062	5	Affection 5		1
584	1081002	Quick tap 4	108063	6	Affection 6		1
585	1081002	Activity at max	108064	1	Affection 1		1
586	1081002	Battle over	108065	1	Affection 1		1
587	1081002	Teammate returns	108066	1	Affection 1		1
588	1081002	Battle 1	108151	1	Affection 1		1
589	1081002	Battle 2	108152	1	Affection 1		1
590	1081002	Battle 3	108153	1	Affection 1		1
591	1081002	Signature	108154	1	Affection 1		1
592	1081002	Injured	108155	1	Affection 1		1
593	1081002	Danger	108156	1	Affection 1		1
594	1081002	Knocked out	108157	1	Affection 1		1
595	1081002	Assist	108158	1	Affection 1		1
596	1081002	QTE	108159	1	Affection 1		1
597	1081002	Battle over	108065	1	Affection 1		1
598	1021002	Construct joins	102001	1	Affection 1		1
599	1021002	Level up	102006	1	Affection 1		1
600	1021002	Promote	102007	1	Affection 1		1
601	1021002	Evolve	102008	1	Affection 1		1
602	1021002	Improve skill	102009	1	Affection 1		1
603	1021002	Equip weapon	102010	1	Affection 1		1
604	1021002	Level up	102137	1	Affection 1	2	0
605	1021002	Promote	102138	1	Affection 1	4	0
606	1021002	Evolve	102139	1	Affection 1	3	0
607	1021002	Improve skill	102140	1	Affection 1	5	0
608	1021002	Equip weapon	102141	1	Affection 1	6	0
609	1021002	Add to team	102012	1	Affection 1	7	1
610	1021002	Set as leader	102013	1	Affection 1	8	1
611	1021002	Mission complete 1	102014	1	Affection 1		1
612	1021002	Mission complete 2	102015	1	Affection 1		1
613	1021002	Mission complete 3	102017	2	Affection 2		1
614	1021002	Mission complete 4	102018	2	Affection 2		1
615	1021002	Mission complete 5	102020	3	Affection 3		1
616	1021002	Mission complete 6	102021	3	Affection 3		1
617	1021002	Mission complete 7	102022	5	Affection 5		1
618	1021002	Mission complete 8	102023	5	Affection 5		1
619	1021002	Mission complete 9	102024	6	Affection 6		1
620	1021002	Mission complete 10	102025	6	Affection 6		1
621	1021002	General greeting 1	102026	1	Affection 1		1
622	1021002	General greeting 2	102027	1	Affection 1		1
623	1021002	General greeting 3	102028	1	Affection 1		1
624	1021002	General greeting 4	102029	1	Affection 1		1
625	1021002	General greeting 5	102030	2	Affection 2		1
626	1021002	General greeting 6	102031	2	Affection 2		1
627	1021002	General greeting 7	102032	2	Affection 2		1
628	1021002	General greeting 8	102033	3	Affection 3		1
629	1021002	General greeting 9	102034	3	Affection 3		1
630	1021002	General greeting 10	102035	3	Affection 3		1
631	1021002	General greeting 11	102036	4	Affection 4		1
632	1021002	General greeting 12	102037	4	Affection 4		1
633	1021002	General greeting 13	102038	4	Affection 4		1
634	1021002	General greeting 14	102039	5	Affection 5		1
635	1021002	General greeting 15	102040	5	Affection 5		1
636	1021002	General greeting 16	102041	5	Affection 5		1
637	1021002	General greeting 17	102042	6	Affection 6		1
638	1021002	General greeting 18	102043	6	Affection 6		1
639	1021002	General greeting 19	102044	6	Affection 6		1
640	1021002	Affection Up 1	102045	1	Affection 1		1
641	1021002	Affection Up 2	102046	1	Affection 1		1
642	1021002	Affection Up 3	102047	2	Affection 2		1
643	1021002	Affection Up 4	102048	2	Affection 2		1
644	1021002	Affection Up 5	102049	3	Affection 3		1
645	1021002	Affection Up 6	102050	3	Affection 3		1
646	1021002	Affection Up 7	102051	5	Affection 5		1
647	1021002	Affection Up 8	102052	5	Affection 5		1
648	1021002	Affection up 9	102053	6	Affection 6		1
649	1021002	Affection up 10	102054	6	Affection 6		1
650	1021002	Idle 1	102059	1	Affection 1		1
651	1021002	Idle 2	102060	2	Affection 2		1
652	1021002	Idle 3	102061	4	Affection 4		1
653	1021002	Idle 4	102062	6	Affection 6		1
654	1021002	Extended online time 1	102063	1	Affection 1		1
655	1021002	Extended online time 2	102064	2	Affection 2		1
656	1021002	Extended online time 3	102065	4	Affection 4		1
657	1021002	Extended online time 4	102066	6	Affection 6		1
658	1021002	Connection made 1	102067	1	Affection 1		1
659	1021002	Connection made 2	102068	2	Affection 2		1
660	1021002	Connection made 3	102069	4	Affection 4		1
661	1021002	Connection made 4	102070	6	Affection 6		1
662	1021002	Extended offline time 1	102071	1	Affection 1		1
663	1021002	Extended offline time 2	102072	3	Affection 3		1
664	1021002	Extended offline time 3	102073	5	Affection 5		1
665	1021002	Extended offline time 4	102074	6	Affection 6		1
666	1021002	Shake 1	102075	1	Affection 1		1
667	1021002	Shake 2	102076	3	Affection 3		1
668	1021002	Shake 3	102077	5	Affection 5		1
669	1021002	Shake 4	102078	6	Affection 6		1
670	1021002	Quick tap 1	102079	1	Affection 1		1
671	1021002	Quick tap 2	102080	3	Affection 3		1
672	1021002	Quick tap 3	102081	5	Affection 5		1
673	1021002	Quick tap 4	102082	6	Affection 6		1
674	1021002	Activity at max	102083	1	Affection 1		1
675	1021002	Battle over	102084	1	Affection 1		1
676	1021002	Teammate returns	102085	1	Affection 1		1
677	1021002	Battle 1	102151	1	Affection 1		1
678	1021002	Battle 2	102152	1	Affection 1		1
679	1021002	Battle 3	102153	1	Affection 1		1
680	1021002	Signature	102171	1	Affection 1		1
681	1021002	Injured	102155	1	Affection 1		1
682	1021002	Danger	102156	1	Affection 1		1
683	1021002	Knocked out	102157	1	Affection 1		1
684	1021002	Assist	102158	1	Affection 1		1
685	1021002	QTE	102159	1	Affection 1		1
686	1021002	Battle over	102084	1	Affection 1		1
687	1031002	Construct joins	103001	1	Affection 1		1
688	1031002	Level up	103006	1	Affection 1		1
689	1031002	Promote	103007	1	Affection 1		1
690	1031002	Evolve	103008	1	Affection 1		1
691	1031002	Improve skill	103009	1	Affection 1		1
692	1031002	Equip weapon	103010	1	Affection 1		1
693	1031002	Level up	103123	1	Affection 1	2	0
694	1031002	Promote	103124	1	Affection 1	4	0
695	1031002	Evolve	103125	1	Affection 1	3	0
696	1031002	Improve skill	103126	1	Affection 1	5	0
697	1031002	Equip weapon	103127	1	Affection 1	6	0
698	1031002	Add to team	103012	1	Affection 1	7	1
699	1031002	Set as leader	103013	1	Affection 1	8	1
700	1031002	Mission complete 1	103014	1	Affection 1		1
701	1031002	Mission complete 2	103015	1	Affection 1		1
702	1031002	General greeting 1	103016	1	Affection 1		1
703	1031002	General greeting 2	103017	1	Affection 1		1
704	1031002	General greeting 3	103018	1	Affection 1		1
705	1031002	General greeting 4	103019	1	Affection 1		1
706	1031002	General greeting 5	103020	2	Affection 2		1
707	1031002	General greeting 6	103021	2	Affection 2		1
708	1031002	General greeting 7	103022	2	Affection 2		1
709	1031002	General greeting 8	103023	3	Affection 3		1
710	1031002	General greeting 9	103024	3	Affection 3		1
711	1031002	General greeting 10	103025	3	Affection 3		1
712	1031002	General greeting 11	103026	4	Affection 4		1
713	1031002	General greeting 12	103027	4	Affection 4		1
714	1031002	General greeting 13	103028	4	Affection 4		1
715	1031002	General greeting 14	103029	5	Affection 5		1
716	1031002	General greeting 15	103030	5	Affection 5		1
717	1031002	General greeting 16	103031	5	Affection 5		1
718	1031002	General greeting 17	103032	6	Affection 6		1
719	1031002	General greeting 18	103033	6	Affection 6		1
720	1031002	General greeting 19	103034	6	Affection 6		1
721	1031002	Affection Up 1	103035	1	Affection 1		1
722	1031002	Affection Up 2	103036	1	Affection 1		1
723	1031002	Affection Up 3	103037	3	Affection 3		1
724	1031002	Affection Up 4	103038	3	Affection 3		1
725	1031002	Affection Up 5	103039	5	Affection 5		1
726	1031002	Affection Up 6	103040	5	Affection 5		1
727	1031002	Affection Up 7	103041	6	Affection 6		1
728	1031002	Affection Up 8	103042	6	Affection 6		1
729	1031002	Idle 1	103047	1	Affection 1		1
730	1031002	Idle 2	103048	3	Affection 3		1
731	1031002	Idle 3	103049	4	Affection 4		1
732	1031002	Idle 4	103050	5	Affection 5		1
733	1031002	Idle 5	103051	6	Affection 6		1
734	1031002	Excessive online time 1	103052	1	Affection 1		1
735	1031002	Excessive online time 2	103053	3	Affection 3		1
736	1031002	Excessive online time 3	103054	5	Affection 5		1
737	1031002	Excessive online time 4	103055	6	Affection 6		1
738	1031002	Connection made 1	103056	1	Affection 1		1
739	1031002	Connection made 2	103057	3	Affection 3		1
740	1031002	Connection made 3	103058	5	Affection 5		1
741	1031002	Connection made 4	103059	6	Affection 6		1
742	1031002	Extended offline time 1	103060	1	Affection 1		1
743	1031002	Extended offline time 2	103061	3	Affection 3		1
744	1031002	Extended offline time 3	103062	5	Affection 5		1
745	1031002	Extended offline time 4	103063	6	Affection 6		1
746	1031002	Shake 1	103064	1	Affection 1		1
747	1031002	Shake 2	103065	3	Affection 3		1
748	1031002	Shake 3	103066	5	Affection 5		1
749	1031002	Shake 4	103067	6	Affection 6		1
750	1031002	Quick tap 1	103068	1	Affection 1		1
751	1031002	Quick tap 2	103069	3	Affection 3		1
752	1031002	Quick tap 3	103070	5	Affection 5		1
753	1031002	Quick tap 4	103071	6	Affection 6		1
754	1031002	Activity at max	103072	1	Affection 1		1
755	1031002	Battle over	103073	1	Affection 1		1
756	1031002	Teammate returns	103074	1	Affection 1		1
757	1031002	Battle 1	103151	1	Affection 1		1
758	1031002	Battle 2	103152	1	Affection 1		1
759	1031002	Battle 3	103153	1	Affection 1		1
760	1031002	Signature	103154	1	Affection 1		1
761	1031002	Injured	103155	1	Affection 1		1
762	1031002	Danger	103156	1	Affection 1		1
763	1031002	Knocked out	103157	1	Affection 1		1
764	1031002	Assist	103158	1	Affection 1		1
765	1031002	QTE	103159	1	Affection 1		1
766	1031002	Battle over	103073	1	Affection 1		1
767	1071003	Construct joins	107001	1	Affection 1		1
768	1071003	Level up	107006	1	Affection 1		1
769	1071003	Promote	107007	1	Affection 1		1
770	1071003	Evolve	107008	1	Affection 1		1
771	1071003	Improve skill	107009	1	Affection 1		1
772	1071003	Equip weapon	107010	1	Affection 1		1
773	1071003	Level up	107108	1	Affection 1	2	0
774	1071003	Promote	107109	1	Affection 1	4	0
775	1071003	Evolve	107110	1	Affection 1	3	0
776	1071003	Improve skill	107111	1	Affection 1	5	0
777	1071003	Equip weapon	107112	1	Affection 1	6	0
778	1071003	Add to team	107012	1	Affection 1	7	1
779	1071003	Set as leader	107013	1	Affection 1	8	1
780	1071003	Mission complete 1	107014	1	Affection 1		1
781	1071003	Mission complete 2	107015	1	Affection 1		1
782	1071003	General greeting 1	107068	1	Affection 1		1
783	1071003	General greeting 2	107069	1	Affection 1		1
784	1071003	General greeting 3	107070	1	Affection 1		1
785	1071003	General greeting 4	107072	3	Affection 3		1
786	1071003	General greeting 5	107073	3	Affection 3		1
787	1071003	General greeting 6	107074	5	Affection 5		1
788	1071003	General greeting 7	107075	5	Affection 5		1
789	1071003	General greeting 8	107076	5	Affection 5		1
790	1071003	General greeting 9	107077	6	Affection 6		1
791	1071003	General greeting 10	107078	6	Affection 6		1
792	1071003	General greeting 11	107079	6	Affection 6		1
793	1071003	Affection Up 1	107080	1	Affection 1		1
794	1071003	Affection Up 2	107081	1	Affection 1		1
795	1071003	Affection Up 3	107082	3	Affection 3		1
796	1071003	Affection Up 4	107083	3	Affection 3		1
797	1071003	Affection Up 5	107084	5	Affection 5		1
798	1071003	Affection Up 6	107085	5	Affection 5		1
799	1071003	Affection Up 7	107086	6	Affection 6		1
800	1071003	Affection Up 8	107087	6	Affection 6		1
801	1071003	Idle 1	107092	1	Affection 1		1
802	1071003	Idle 2	107093	3	Affection 3		1
803	1071003	Idle 3	107094	5	Affection 5		1
804	1071003	Idle 4	107095	6	Affection 6		1
805	1071003	Excessive online time 1	107096	1	Affection 1		1
806	1071003	Excessive online time 2	107097	3	Affection 3		1
807	1071003	Excessive online time 3	107098	5	Affection 5		1
808	1071003	Excessive online time 4	107099	6	Affection 6		1
809	1071003	Connection made 1	107100	1	Affection 1		1
810	1071003	Connection made 2	107101	3	Affection 3		1
811	1071003	Connection made 3	107102	5	Affection 5		1
812	1071003	Connection made 4	107103	6	Affection 6		1
813	1071003	Extended offline time 1	107104	1	Affection 1		1
814	1071003	Extended offline time 2	107105	3	Affection 3		1
815	1071003	Extended offline time 3	107106	5	Affection 5		1
816	1071003	Extended offline time 4	107107	6	Affection 6		1
817	1071003	Shake 1	107056	1	Affection 1		1
818	1071003	Shake 2	107057	3	Affection 3		1
819	1071003	Shake 3	107058	5	Affection 5		1
820	1071003	Shake 4	107059	6	Affection 6		1
821	1071003	Quick tap 1	107060	1	Affection 1		1
822	1071003	Quick tap 2	107061	3	Affection 3		1
823	1071003	Quick tap 3	107062	5	Affection 5		1
824	1071003	Quick tap 4	107063	6	Affection 6		1
825	1071003	Activity at max	107064	1	Affection 1		1
826	1071003	Battle over	107065	1	Affection 1		1
827	1071003	Teammate returns	107066	1	Affection 1		1
828	1071003	Battle 1	107151	1	Affection 1		1
829	1071003	Battle 2	107152	1	Affection 1		1
830	1071003	Battle 3	107153	1	Affection 1		1
831	1071003	Signature	107154	1	Affection 1		1
832	1071003	Injured	107155	1	Affection 1		1
833	1071003	Danger	107156	1	Affection 1		1
834	1071003	Knocked out	107157	1	Affection 1		1
835	1071003	Assist	107158	1	Affection 1		1
836	1071003	QTE	107159	1	Affection 1		1
837	1071003	Battle over	107066	1	Affection 1		1
838	1031003	Construct joins	103001	1	Affection 1		1
839	1031003	Level up	103006	1	Affection 1		1
840	1031003	Promote	103007	1	Affection 1		1
841	1031003	Evolve	103008	1	Affection 1		1
842	1031003	Improve skill	103009	1	Affection 1		1
843	1031003	Equip weapon	103010	1	Affection 1		1
844	1031003	Level up	103123	1	Affection 1	2	0
845	1031003	Promote	103124	1	Affection 1	4	0
846	1031003	Evolve	103125	1	Affection 1	3	0
847	1031003	Improve skill	103126	1	Affection 1	5	0
848	1031003	Equip weapon	103127	1	Affection 1	6	0
849	1031003	Add to team	103012	1	Affection 1	7	1
850	1031003	Set as leader	103013	1	Affection 1	8	1
851	1031003	Mission complete 1	103014	1	Affection 1		1
852	1031003	Mission complete 2	103015	1	Affection 1		1
853	1031003	General greeting 1	103077	1	Affection 1		1
854	1031003	General greeting 2	103080	2	Affection 2		1
855	1031003	General greeting 3	103081	3	Affection 3		1
856	1031003	General greeting 4	103082	3	Affection 3		1
857	1031003	General greeting 5	103083	3	Affection 3		1
858	1031003	General greeting 6	103084	4	Affection 4		1
859	1031003	General greeting 7	103085	4	Affection 4		1
860	1031003	General greeting 8	103086	5	Affection 5		1
861	1031003	General greeting 9	103087	5	Affection 5		1
862	1031003	General greeting 10	103091	6	Affection 6		1
863	1031003	General greeting 11	103089	6	Affection 6		1
864	1031003	General greeting 12	103090	6	Affection 6		1
865	1031003	Affection Up 1	103092	1	Affection 1		1
866	1031003	Affection Up 2	103093	1	Affection 1		1
867	1031003	Affection Up 3	103095	3	Affection 3		1
868	1031003	Affection Up 4	103096	3	Affection 3		1
869	1031003	Affection Up 5	103098	5	Affection 5		1
870	1031003	Affection Up 6	103099	5	Affection 5		1
871	1031003	Affection Up 7	103101	6	Affection 6		1
872	1031003	Affection Up 8	103102	6	Affection 6		1
873	1031003	Idle 1	103107	1	Affection 1		1
874	1031003	Idle 2	103108	3	Affection 3		1
875	1031003	Idle 3	103109	4	Affection 4		1
876	1031003	Idle 4	103110	5	Affection 5		1
877	1031003	Idle 5	103111	6	Affection 6		1
878	1031003	Excessive online time 1	103112	1	Affection 1		1
879	1031003	Excessive online time 2	103113	5	Affection 5		1
880	1031003	Excessive online time 3	103114	6	Affection 6		1
881	1031003	Connection made 1	103115	1	Affection 1		1
882	1031003	Connection made 2	103116	3	Affection 3		1
883	1031003	Connection made 3	103117	5	Affection 5		1
884	1031003	Connection made 4	103118	6	Affection 6		1
885	1031003	Extended offline time 1	103119	1	Affection 1		1
886	1031003	Extended offline time 2	103120	3	Affection 3		1
887	1031003	Extended offline time 3	103121	5	Affection 5		1
888	1031003	Extended offline time 4	103122	6	Affection 6		1
889	1031003	Shake 1	103064	1	Affection 1		1
890	1031003	Shake 2	103065	3	Affection 3		1
891	1031003	Shake 3	103066	5	Affection 5		1
892	1031003	Shake 4	103067	6	Affection 6		1
893	1031003	Quick tap 1	103068	1	Affection 1		1
894	1031003	Quick tap 2	103069	3	Affection 3		1
895	1031003	Quick tap 3	103070	5	Affection 5		1
896	1031003	Quick tap 4	103071	6	Affection 6		1
897	1031003	Activity at max	103072	1	Affection 1		1
898	1031003	Battle over	103073	1	Affection 1		1
899	1031003	Teammate returns	103074	1	Affection 1		1
900	1031003	Battle 1	103151	1	Affection 1		1
901	1031003	Battle 2	103152	1	Affection 1		1
902	1031003	Battle 3	103153	1	Affection 1		1
903	1031003	Signature	103154	1	Affection 1		1
904	1031003	Injured	103155	1	Affection 1		1
905	1031003	Danger	103156	1	Affection 1		1
906	1031003	Knocked out	103157	1	Affection 1		1
907	1031003	Assist	103158	1	Affection 1		1
908	1031003	QTE	103159	1	Affection 1		1
909	1031003	Battle over	103073	1	Affection 1		1
910	1061003	Construct joins	106001	1	Affection 1		1
911	1061003	Level up	106006	1	Affection 1		1
912	1061003	Promote	106007	1	Affection 1		1
913	1061003	Evolve	106008	1	Affection 1		1
914	1061003	Improve skill	106009	1	Affection 1		1
915	1061003	Equip weapon	106010	1	Affection 1		1
916	1061003	Level up	106107	1	Affection 1	2	0
917	1061003	Promote	106108	1	Affection 1	4	0
918	1061003	Evolve	106109	1	Affection 1	3	0
919	1061003	Improve skill	106110	1	Affection 1	5	0
920	1061003	Equip weapon	106111	1	Affection 1	6	0
921	1061003	Add to team	106012	1	Affection 1	7	1
922	1061003	Set as leader	106013	1	Affection 1	8	1
923	1061003	Mission complete 1	106014	1	Affection 1		1
924	1061003	Mission complete 2	106015	1	Affection 1		1
925	1061003	General greeting 1	106069	1	Affection 1		1
926	1061003	General greeting 2	106070	1	Affection 1		1
927	1061003	General greeting 3	106071	1	Affection 1		1
928	1061003	General greeting 4	106072	3	Affection 3		1
929	1061003	General greeting 5	106073	3	Affection 3		1
930	1061003	General greeting 6	106074	3	Affection 3		1
931	1061003	General greeting 7	106075	5	Affection 5		1
932	1061003	General greeting 8	106076	5	Affection 5		1
933	1061003	General greeting 9	106077	5	Affection 5		1
934	1061003	General greeting 10	106078	6	Affection 6		1
935	1061003	General greeting 11	106079	6	Affection 6		1
936	1061003	General greeting 12	106027	6	Affection 6		1
937	1061003	Affection Up 1	106080	1	Affection 1		1
938	1061003	Affection Up 2	106081	1	Affection 1		1
939	1061003	Affection Up 3	106082	3	Affection 3		1
940	1061003	Affection Up 4	106083	3	Affection 3		1
941	1061003	Affection Up 5	106085	5	Affection 5		1
942	1061003	Affection Up 6	106086	6	Affection 6		1
943	1061003	Affection Up 7	106036	6	Affection 6		1
944	1061003	Idle 1	106091	1	Affection 1		1
945	1061003	Idle 2	106092	3	Affection 3		1
946	1061003	Idle 3	106093	5	Affection 5		1
947	1061003	Idle 4	106094	6	Affection 6		1
948	1061003	Excessive online time 1	106095	1	Affection 1		1
949	1061003	Excessive online time 2	106096	3	Affection 3		1
950	1061003	Excessive online time 3	106097	5	Affection 5		1
951	1061003	Excessive online time 4	106098	6	Affection 6		1
952	1061003	Connection made 1	106099	1	Affection 1		1
953	1061003	Connection made 2	106100	3	Affection 3		1
954	1061003	Connection made 3	106101	5	Affection 5		1
955	1061003	Connection made 4	106102	6	Affection 6		1
956	1061003	Extended offline time 1	106103	1	Affection 1		1
957	1061003	Extended offline time 2	106104	3	Affection 3		1
958	1061003	Extended offline time 3	106105	5	Affection 5		1
959	1061003	Extended offline time 4	106106	6	Affection 6		1
960	1061003	Shake 1	106057	1	Affection 1		1
961	1061003	Shake 2	106058	3	Affection 3		1
962	1061003	Shake 3	106059	5	Affection 5		1
963	1061003	Shake 4	106060	6	Affection 6		1
964	1061003	Quick tap 1	106061	1	Affection 1		1
965	1061003	Quick tap 2	106062	3	Affection 3		1
966	1061003	Quick tap 3	106063	5	Affection 5		1
967	1061003	Quick tap 4	106064	6	Affection 6		1
968	1061003	Activity at max	106065	1	Affection 1		1
969	1061003	Battle over	106066	1	Affection 1		1
970	1061003	Teammate returns	106067	1	Affection 1		1
971	1061003	Battle 1	106151	1	Affection 1		1
972	1061003	Battle 2	106152	1	Affection 1		1
973	1061003	Battle 3	106153	1	Affection 1		1
974	1061003	Signature	106154	1	Affection 1		1
975	1061003	Injured	106155	1	Affection 1		1
976	1061003	Danger	106156	1	Affection 1		1
977	1061003	Knocked out	106157	1	Affection 1		1
978	1061003	Assist	106158	1	Affection 1		1
979	1061003	QTE	106159	1	Affection 1		1
980	1061003	Battle over	106066	1	Affection 1		1
981	1011003	Construct joins	101001	1	Affection 1		1
982	1011003	Level up	101006	1	Affection 1		1
983	1011003	Promote	101007	1	Affection 1		1
984	1011003	Evolve	101008	1	Affection 1		1
985	1011003	Improve skill	101009	1	Affection 1		1
986	1011003	Equip weapon	101010	1	Affection 1		1
987	1011003	Level up	101113	1	Affection 1	2	0
988	1011003	Promote	101114	1	Affection 1	4	0
989	1011003	Evolve	101115	1	Affection 1	3	0
990	1011003	Improve skill	101116	1	Affection 1	5	0
991	1011003	Equip weapon	101117	1	Affection 1	6	0
992	1011003	Add to team	101012	1	Affection 1	7	1
993	1011003	Set as leader	101013	1	Affection 1	8	1
994	1011003	Mission complete 1	101014	1	Affection 1		1
995	1011003	Mission complete 2	101015	1	Affection 1		1
996	1011003	General greeting 1	101071	1	Affection 1		1
997	1011003	General greeting 2	101072	1	Affection 1		1
998	1011003	General greeting 3	101073	1	Affection 1		1
999	1011003	General greeting 4	101074	2	Affection 2		1
1000	1011003	General greeting 5	101075	2	Affection 2		1
1001	1011003	General greeting 6	101076	2	Affection 2		1
1002	1011003	General greeting 7	101077	3	Affection 3		1
1003	1011003	General greeting 8	101078	3	Affection 3		1
1004	1011003	General greeting 9	101079	3	Affection 3		1
1005	1011003	General greeting 10	101080	5	Affection 5		1
1006	1011003	General greeting 11	101081	5	Affection 5		1
1007	1011003	General greeting 12	101082	5	Affection 5		1
1008	1011003	General greeting 13	101083	6	Affection 6		1
1009	1011003	General greeting 14	101084	6	Affection 6		1
1010	1011003	Affection Up 1	101085	1	Affection 1		1
1011	1011003	Affection Up 2	101086	1	Affection 1		1
1012	1011003	Affection Up 3	101087	3	Affection 3		1
1013	1011003	Affection Up 4	101088	3	Affection 3		1
1014	1011003	Affection Up 5	101089	5	Affection 5		1
1015	1011003	Affection Up 6	101090	5	Affection 5		1
1016	1011003	Affection Up 7	101091	6	Affection 6		1
1017	1011003	Affection Up 8	101092	6	Affection 6		1
1018	1011003	Idle 1	101098	1	Affection 1		1
1019	1011003	Idle 2	101099	3	Affection 3		1
1020	1011003	Idle 3	101100	5	Affection 5		1
1021	1011003	Idle 4	101101	6	Affection 6		1
1022	1011003	Excessive online time 1	101102	1	Affection 1		1
1023	1011003	Excessive online time 2	101103	3	Affection 3		1
1024	1011003	Excessive online time 3	101104	5	Affection 5		1
1025	1011003	Connection made 1	101106	1	Affection 1		1
1026	1011003	Connection made 2	101052	3	Affection 3		1
1027	1011003	Connection made 3	101107	5	Affection 5		1
1028	1011003	Connection made 4	101108	6	Affection 6		1
1029	1011003	Extended offline time 1	101109	1	Affection 1		1
1030	1011003	Extended offline time 2	101110	3	Affection 3		1
1031	1011003	Extended offline time 3	101111	5	Affection 5		1
1032	1011003	Extended offline time 4	101112	6	Affection 6		1
1033	1011003	Shake 1	101059	1	Affection 1		1
1034	1011003	Shake 2	101060	3	Affection 3		1
1035	1011003	Shake 3	101061	5	Affection 5		1
1036	1011003	Shake 4	101062	6	Affection 6		1
1037	1011003	Quick tap 1	101063	1	Affection 1		1
1038	1011003	Quick tap 2	101064	3	Affection 3		1
1039	1011003	Quick tap 3	101065	5	Affection 5		1
1040	1011003	Quick tap 4	101066	6	Affection 6		1
1041	1011003	Activity at max	101067	1	Affection 1		1
1042	1011003	Battle over	101068	1	Affection 1		1
1043	1011003	Teammate returns	101069	1	Affection 1		1
1044	1011003	Battle 1	101151	1	Affection 1		1
1045	1011003	Battle 2	101152	1	Affection 1		1
1046	1011003	Battle 3	101153	1	Affection 1		1
1047	1011003	Signature	101154	1	Affection 1		1
1048	1011003	Injured	101155	1	Affection 1		1
1049	1011003	Danger	101156	1	Affection 1		1
1050	1011003	Knocked out	101157	1	Affection 1		1
1051	1011003	Assist	101158	1	Affection 1		1
1052	1011003	QTE	101159	1	Affection 1		1
1053	1011003	Battle over	101068	1	Affection 1		1
1054	1051003	Construct joins	105001	1	Affection 1		1
1055	1051003	Level up	105006	1	Affection 1		1
1056	1051003	Promote	105007	1	Affection 1		1
1057	1051003	Evolve	105008	1	Affection 1		1
1058	1051003	Improve skill	105009	1	Affection 1		1
1059	1051003	Equip weapon	105010	1	Affection 1		1
1060	1051003	Level up	105105	1	Affection 1	2	0
1061	1051003	Promote	105106	1	Affection 1	4	0
1062	1051003	Evolve	105107	1	Affection 1	3	0
1063	1051003	Improve skill	105108	1	Affection 1	5	0
1064	1051003	Equip weapon	105109	1	Affection 1	6	0
1065	1051003	Add to team	105012	1	Affection 1	7	1
1066	1051003	Set as leader	105013	1	Affection 1	8	1
1067	1051003	Mission complete 1	105014	1	Affection 1		1
1068	1051003	Mission complete 2	105015	1	Affection 1		1
1069	1051003	General greeting 1	105068	1	Affection 1		1
1070	1051003	General greeting 2	105069	1	Affection 1		1
1071	1051003	General greeting 3	105070	1	Affection 1		1
1072	1051003	General greeting 4	105071	3	Affection 3		1
1073	1051003	General greeting 5	105072	3	Affection 3		1
1074	1051003	General greeting 6	105073	3	Affection 3		1
1075	1051003	General greeting 7	105074	5	Affection 5		1
1076	1051003	General greeting 8	105075	5	Affection 5		1
1077	1051003	General greeting 9	105076	5	Affection 5		1
1078	1051003	General greeting 10	105077	6	Affection 6		1
1079	1051003	General greeting 11	105078	6	Affection 6		1
1080	1051003	Affection Up 1	105079	1	Affection 1		1
1081	1051003	Affection Up 2	105080	1	Affection 1		1
1082	1051003	Affection Up 3	105081	3	Affection 3		1
1083	1051003	Affection Up 4	105082	3	Affection 3		1
1084	1051003	Affection Up 5	105083	5	Affection 5		1
1085	1051003	Affection Up 6	105084	6	Affection 6		1
1086	1051003	Affection Up 7	105085	6	Affection 6		1
1087	1051003	Idle 1	105090	1	Affection 1		1
1088	1051003	Idle 2	105091	3	Affection 3		1
1089	1051003	Idle 3	105092	5	Affection 5		1
1090	1051003	Idle 4	105093	6	Affection 6		1
1091	1051003	Excessive online time 1	105094	1	Affection 1		1
1092	1051003	Excessive online time 2	105095	3	Affection 3		1
1093	1051003	Excessive online time 3	105096	5	Affection 5		1
1094	1051003	Excessive online time 4	105097	6	Affection 6		1
1095	1051003	Connection made 1	105098	1	Affection 1		1
1096	1051003	Connection made 2	105099	3	Affection 3		1
1097	1051003	Connection made 3	105100	5	Affection 5		1
1098	1051003	Connection made 4	105101	6	Affection 6		1
1099	1051003	Extended offline time 1	105052	1	Affection 1		1
1100	1051003	Extended offline time 2	105102	3	Affection 3		1
1101	1051003	Extended offline time 3	105103	5	Affection 5		1
1102	1051003	Extended offline time 4	105104	6	Affection 6		1
1103	1051003	Shake 1	105056	1	Affection 1		1
1104	1051003	Shake 2	105057	3	Affection 3		1
1105	1051003	Shake 3	105058	5	Affection 5		1
1106	1051003	Shake 4	105059	6	Affection 6		1
1107	1051003	Quick tap 1	105060	1	Affection 1		1
1108	1051003	Quick tap 2	105061	3	Affection 3		1
1109	1051003	Quick tap 3	105062	5	Affection 5		1
1110	1051003	Quick tap 4	105063	6	Affection 6		1
1111	1051003	Activity at max	105064	1	Affection 1		1
1112	1051003	Battle over	105065	1	Affection 1		1
1113	1051003	Teammate returns	105066	1	Affection 1		1
1114	1051003	Battle 1	105151	1	Affection 1		1
1115	1051003	Battle 2	105152	1	Affection 1		1
1116	1051003	Battle 3	105153	1	Affection 1		1
1117	1051003	Signature	105154	1	Affection 1		1
1118	1051003	Injured	105155	1	Affection 1		1
1119	1051003	Danger	105156	1	Affection 1		1
1120	1051003	Knocked out	105157	1	Affection 1		1
1121	1051003	Assist	105158	1	Affection 1		1
1122	1051003	QTE	105159	1	Affection 1		1
1123	1051003	Battle over	105065	1	Affection 1		1
1124	1021003	Construct joins	1021001	1	Affection 1		1
1125	1021003	Level up	1021002	1	Affection 1		1
1126	1021003	Promote	1021003	1	Affection 1		1
1127	1021003	Evolve	1021004	1	Affection 1		1
1128	1021003	Improve skill	1021005	1	Affection 1		1
1129	1021003	Equip weapon	1021006	1	Affection 1		1
1130	1021003	Level up	1021002	1	Affection 1	2	0
1131	1021003	Promote	1021003	1	Affection 1	4	0
1132	1021003	Evolve	1021004	1	Affection 1	3	0
1133	1021003	Improve skill	1021005	1	Affection 1	5	0
1134	1021003	Equip weapon	1021006	1	Affection 1	6	0
1135	1021003	Add to team	1021007	1	Affection 1	7	1
1136	1021003	Set as leader	1021008	1	Affection 1	8	1
1137	1021003	Mission complete 1	102014	1	Affection 1		1
1138	1021003	Mission complete 2	102015	1	Affection 1		1
1139	1021003	Mission complete 3	102017	2	Affection 2		1
1140	1021003	Mission complete 4	102018	2	Affection 2		1
1141	1021003	Mission complete 5	102020	3	Affection 3		1
1142	1021003	Mission complete 6	102021	3	Affection 3		1
1143	1021003	Mission complete 7	102022	5	Affection 5		1
1144	1021003	Mission complete 8	102024	6	Affection 6		1
1145	1021003	Mission complete 9	102025	6	Affection 6		1
1146	1021003	General greeting 1	102088	1	Affection 1		1
1147	1021003	General greeting 2	102089	1	Affection 1		1
1148	1021003	General greeting 3	102090	1	Affection 1		1
1149	1021003	General greeting 4	102091	2	Affection 2		1
1150	1021003	General greeting 5	102092	2	Affection 2		1
1151	1021003	General greeting 6	102093	2	Affection 2		1
1152	1021003	General greeting 7	102095	3	Affection 3		1
1153	1021003	General greeting 8	102096	3	Affection 3		1
1154	1021003	General greeting 9	102097	4	Affection 4		1
1155	1021003	General greeting 10	102098	4	Affection 4		1
1156	1021003	General greeting 11	102099	4	Affection 4		1
1157	1021003	General greeting 12	102100	5	Affection 5		1
1158	1021003	General greeting 13	102101	5	Affection 5		1
1159	1021003	General greeting 14	102102	5	Affection 5		1
1160	1021003	General greeting 15	102103	6	Affection 6		1
1161	1021003	General greeting 16	102104	6	Affection 6		1
1162	1021003	General greeting 17	1021012	6	Affection 6		1
1163	1021003	Affection Up 1	1021013	1	Affection 1		1
1164	1021003	Affection Up 2	1021014	1	Affection 1		1
1165	1021003	Affection Up 3	1021015	1	Affection 1		1
1166	1021003	Affection Up 4	1021016	3	Affection 3		1
1167	1021003	Affection Up 5	1021017	3	Affection 3		1
1168	1021003	Affection Up 6	1021018	4	Affection 4		1
1169	1021003	Affection Up 7	1021019	4	Affection 4		1
1170	1021003	Affection Up 8	1021020	5	Affection 5		1
1171	1021003	Affection up 9	1021021	5	Affection 5		1
1172	1021003	Affection up 10	1021022	6	Affection 6		1
1173	1021003	Affection Up 11	1021023	6	Affection 6		1
1174	1021003	Idle 1	102121	1	Affection 1		1
1175	1021003	Idle 2	1021009	2	Affection 2		1
1176	1021003	Idle 3	1021010	4	Affection 4		1
1177	1021003	Idle 4	1021011	6	Affection 6		1
1178	1021003	Extended online time 1	102125	1	Affection 1		1
1179	1021003	Extended online time 2	102126	2	Affection 2		1
1180	1021003	Extended online time 3	102127	4	Affection 4		1
1181	1021003	Extended online time 4	1021024	6	Affection 6		1
1182	1021003	Connection made 1	102129	1	Affection 1		1
1183	1021003	Connection made 2	102130	2	Affection 2		1
1184	1021003	Connection made 3	102131	4	Affection 4		1
1185	1021003	Connection made 4	1021025	6	Affection 6		1
1186	1021003	Extended offline time 1	102133	1	Affection 1		1
1187	1021003	Extended offline time 2	102134	3	Affection 3		1
1188	1021003	Extended offline time 3	102135	5	Affection 5		1
1189	1021003	Extended offline time 4	1021026	6	Affection 6		1
1190	1021003	Shake 1	102075	1	Affection 1		1
1191	1021003	Shake 2	102076	3	Affection 3		1
1192	1021003	Shake 3	102077	5	Affection 5		1
1193	1021003	Shake 4	102078	6	Affection 6		1
1194	1021003	Quick tap 1	102079	1	Affection 1		1
1195	1021003	Quick tap 2	102080	3	Affection 3		1
1196	1021003	Quick tap 3	102081	5	Affection 5		1
1197	1021003	Quick tap 4	102082	6	Affection 6		1
1198	1021003	Activity at max	102083	1	Affection 1		1
1199	1021003	Battle over	102084	1	Affection 1		1
1200	1021003	Teammate returns	1021027	1	Affection 1		1
1201	1021003	Battle 1	1021039	1	Affection 1		1
1202	1021003	Battle 2	1021040	1	Affection 1		1
1203	1021003	Battle 3	1021041	1	Affection 1		1
1204	1021003	Signature	1021031	1	Affection 1		1
1205	1021003	Injured	1021042	1	Affection 1		1
1206	1021003	Danger	1021043	1	Affection 1		1
1207	1021003	Knocked out	1021034	1	Affection 1		1
1208	1021003	Assist	1021044	1	Affection 1		1
1209	1021003	QTE	1021036	1	Affection 1		1
1210	1021003	Battle over	1021038	1	Affection 1		1
1170101	1081003	Construct joins	108001	1	Affection 1		1
1170102	1081003	Level up	108006	1	Affection 1		1
1170103	1081003	Promote	108007	1	Affection 1		1
1170104	1081003	Evolve	108008	1	Affection 1		1
1170105	1081003	Improve skill	108009	1	Affection 1		1
1170106	1081003	Equip weapon	108010	1	Affection 1		1
1170107	1081003	Level up	108006	1	Affection 1	2	0
1170108	1081003	Promote	108007	1	Affection 1	4	0
1170109	1081003	Evolve	108008	1	Affection 1	3	0
1170110	1081003	Improve skill	108009	1	Affection 1	5	0
1170111	1081003	Equip weapon	108010	1	Affection 1	6	0
1170112	1081003	Add to team	108012	1	Affection 1	7	1
1170113	1081003	Set as leader	108013	1	Affection 1	8	1
1170201	1081003	Mission complete 1	108014	1	Affection 1		1
1170202	1081003	Mission complete 2	108015	1	Affection 1		1
1170301	1081003	General greeting 1	108016	1	Affection 1		1
1170302	1081003	General greeting 2	108017	1	Affection 1		1
1170303	1081003	General greeting 3	108018	1	Affection 1		1
1170304	1081003	General greeting 4	108019	2	Affection 2		1
1170305	1081003	General greeting 5	108020	2	Affection 2		1
1170306	1081003	General greeting 6	108021	2	Affection 2		1
1170307	1081003	General greeting 7	108022	3	Affection 3		1
1170308	1081003	General greeting 8	108023	3	Affection 3		1
1170309	1081003	General greeting 9	108024	4	Affection 4		1
1170310	1081003	General greeting 10	108025	4	Affection 4		1
1170311	1081003	General greeting 11	108026	4	Affection 4		1
1170312	1081003	General greeting 12	108027	5	Affection 5		1
1170401	1081003	Affection Up 1	108080	1	Affection 1		1
1170402	1081003	Affection Up 2	108081	1	Affection 1		1
1170403	1081003	Affection Up 3	108082	1	Affection 1		1
1170404	1081003	Affection Up 4	108083	3	Affection 3		1
1170405	1081003	Affection Up 5	108071	3	Affection 3		1
1170406	1081003	Affection Up 6	108073	4	Affection 4		1
1170407	1081003	Affection Up 7	108079	4	Affection 4		1
1170408	1081003	Affection Up 8	108085	5	Affection 5		1
1170409	1081003	Affection Up 9	108074	5	Affection 5		1
1170410	1081003	Affection Up 10	108075	6	Affection 6		1
1170411	1081003	Affection Up 11	108086	6	Affection 6		1
1170412	1081003	Affection Up 12	108087	6	Affection 6		1
1170501	1081003	Idle 1	108040	1	Affection 1		1
1170502	1081003	Idle 2	108041	2	Affection 2		1
1170503	1081003	Idle 3	108042	4	Affection 4		1
1170504	1081003	Idle 4	108043	6	Affection 6		1
1170601	1081003	Extended online time 1	108044	1	Affection 1		1
1170602	1081003	Extended online time 2	108045	2	Affection 2		1
1170603	1081003	Extended online time 3	108046	4	Affection 4		1
1170604	1081003	Extended online time 4	108047	6	Affection 6		1
1170701	1081003	Connection made 1	108048	1	Affection 1		1
1170702	1081003	Connection made 2	108049	2	Affection 2		1
1170703	1081003	Connection made 3	108050	4	Affection 4		1
1170704	1081003	Connection made 4	108051	6	Affection 6		1
1170801	1081003	Extended offline time 1	108052	1	Affection 1		1
1170802	1081003	Extended offline time 2	108053	3	Affection 3		1
1170803	1081003	Extended offline time 3	108054	5	Affection 5		1
1170804	1081003	Extended offline time 4	108055	6	Affection 6		1
1170901	1081003	Shake 1	108056	1	Affection 1		1
1170902	1081003	Shake 2	108057	3	Affection 3		1
1170903	1081003	Shake 3	108058	5	Affection 5		1
1170904	1081003	Shake 4	108059	6	Affection 6		1
1171001	1081003	Quick tap 1	108060	1	Affection 1		1
1171002	1081003	Quick tap 2	108061	3	Affection 3		1
1171003	1081003	Quick tap 3	108062	5	Affection 5		1
1171004	1081003	Quick tap 4	108063	6	Affection 6		1
1171101	1081003	Activity at max	108064	1	Affection 1		1
1171201	1081003	Battle over	108065	1	Affection 1		1
1171301	1081003	Teammate returns	108066	1	Affection 1		1
1171401	1081003	Battle 1	108151	1	Affection 1		1
1171402	1081003	Battle 2	108152	1	Affection 1		1
1171403	1081003	Battle 3	108153	1	Affection 1		1
1171501	1081003	Signature	108154	1	Affection 1		1
1171502	1081003	Injured	108155	1	Affection 1		1
1171503	1081003	Danger	108156	1	Affection 1		1
1171504	1081003	Knocked out	108157	1	Affection 1		1
1171505	1081003	Assist	108158	1	Affection 1		1
1171506	1081003	QTE	108159	1	Affection 1		1
1171507	1081003	Battle over	108065	1	Affection 1		1
1180101	1091002	Construct joins	109001	1	Affection 1		1
1180102	1091002	Level up	109002	1	Affection 1		1
1180103	1091002	Promote	109003	1	Affection 1		1
1180104	1091002	Evolve	109004	1	Affection 1		1
1180105	1091002	Improve skill	109005	1	Affection 1		1
1180106	1091002	Equip weapon	109006	1	Affection 1		1
1180107	1091002	Level up	109002	1	Affection 1	2	0
1180108	1091002	Promote	109003	1	Affection 1	4	0
1180109	1091002	Evolve	109004	1	Affection 1	3	0
1180110	1091002	Improve skill	109005	1	Affection 1	5	0
1180111	1091002	Equip weapon	109006	1	Affection 1	6	0
1180112	1091002	Add to team	109007	1	Affection 1	7	1
1180113	1091002	Set as leader	109008	1	Affection 1	8	1
1180201	1091002	Mission complete 1	109011	1	Affection 1		1
1180202	1091002	Mission complete 2	109010	1	Affection 1		1
1180301	1091002	General greeting 1	109024	1	Affection 1		1
1180302	1091002	General greeting 2	109025	1	Affection 1		1
1180303	1091002	General greeting 3	109026	1	Affection 1		1
1180401	1091002	Affection Up 1	109012	1	Affection 1		1
1180402	1091002	Affection Up 2	109013	1	Affection 1		1
1180403	1091002	Affection Up 3	109014	1	Affection 1		1
1180404	1091002	Affection Up 4	109015	3	Affection 3		1
1180405	1091002	Affection Up 5	109016	3	Affection 3		1
1180406	1091002	Affection Up 6	109017	4	Affection 4		1
1180407	1091002	Affection Up 7	109018	4	Affection 4		1
1180408	1091002	Affection Up 8	109019	5	Affection 5		1
1180409	1091002	Affection Up 9	109020	5	Affection 5		1
1180410	1091002	Affection Up 10	109021	6	Affection 6		1
1180411	1091002	Affection Up 11	109022	6	Affection 6		1
1180412	1091002	Affection Up 12	109023	6	Affection 6		1
1180501	1091002	Idle 1	109063	1	Affection 1		1
1180502	1091002	Idle 2	109064	2	Affection 2		1
1180503	1091002	Idle 3	109065	4	Affection 4		1
1180601	1091002	Extended online time 1	109066	1	Affection 1		1
1180602	1091002	Extended online time 2	109067	2	Affection 2		1
1180603	1091002	Extended online time 3	109068	4	Affection 4		1
1180604	1091002	Extended online time 4	109069	6	Affection 6		1
1180701	1091002	Connection made 1	109070	1	Affection 1		1
1180702	1091002	Connection made 2	109071	2	Affection 2		1
1180703	1091002	Connection made 3	109072	4	Affection 4		1
1180704	1091002	Connection made 4	109073	6	Affection 6		1
1180801	1091002	Extended offline time 1	109081	1	Affection 1		1
1180802	1091002	Extended offline time 2	109082	3	Affection 3		1
1180803	1091002	Extended offline time 3	109083	5	Affection 5		1
1180901	1091002	Shake 1	109084	1	Affection 1		1
1180902	1091002	Shake 2	109085	3	Affection 3		1
1180903	1091002	Shake 3	109086	5	Affection 5		1
1180904	1091002	Shake 4	109087	6	Affection 6		1
1181001	1091002	Quick tap 1	109088	1	Affection 1		1
1181002	1091002	Quick tap 2	109089	3	Affection 3		1
1181003	1091002	Quick tap 3	109090	5	Affection 5		1
1181004	1091002	Quick tap 4	109091	6	Affection 6		1
1181101	1091002	Activity at max	109080	1	Affection 1		1
1181201	1091002	Battle over	109053	1	Affection 1		1
1181301	1091002	Teammate returns	109035	1	Affection 1		1
1181401	1091002	Battle 1	109092	1	Affection 1		1
1181402	1091002	Battle 2	109093	1	Affection 1		1
1181403	1091002	Battle 3	109094	1	Affection 1		1
1181501	1091002	Signature	109030	1	Affection 1		1
1181502	1091002	Injured	109095	1	Affection 1		1
1181503	1091002	Danger	109096	1	Affection 1		1
1181504	1091002	Knocked out	109033	1	Affection 1		1
1181505	1091002	Assist	109097	1	Affection 1		1
1181506	1091002	QTE	109035	1	Affection 1		1
1181507	1091002	Battle over	109037	1	Affection 1		1
